,index,latitude,longitude
0,0,25.25,-80.75
1,1,25.75,-81.25
2,2,25.75,-80.75
3,3,25.75,-80.25
4,4,26.25,-98.75
5,5,26.25,-98.25
6,6,26.25,-97.75
7,7,26.25,-81.75
8,8,26.25,-81.25
9,9,26.25,-80.75
10,10,26.25,-80.25
11,11,26.75,-99.25
12,12,26.75,-98.75
13,13,26.75,-98.25
14,14,26.75,-97.75
15,15,26.75,-81.75
16,16,26.75,-81.25
17,17,26.75,-80.75
18,18,26.75,-80.25
19,19,27.25,-99.25
20,20,27.25,-98.75
21,21,27.25,-98.25
22,22,27.25,-97.75
23,23,27.25,-82.25
24,24,27.25,-81.75
25,25,27.25,-81.25
26,26,27.25,-80.75
27,27,27.25,-80.25
28,28,27.75,-99.75
29,29,27.75,-99.25
30,30,27.75,-98.75
31,31,27.75,-98.25
32,32,27.75,-97.75
33,33,27.75,-82.25
34,34,27.75,-81.75
35,35,27.75,-81.25
36,36,27.75,-80.75
37,37,28.25,-100.25
38,38,28.25,-99.75
39,39,28.25,-99.25
40,40,28.25,-98.75
41,41,28.25,-98.25
42,42,28.25,-97.75
43,43,28.25,-97.25
44,44,28.25,-82.75
45,45,28.25,-82.25
46,46,28.25,-81.75
47,47,28.25,-81.25
48,48,28.25,-80.75
49,49,28.75,-100.25
50,50,28.75,-99.75
51,51,28.75,-99.25
52,52,28.75,-98.75
53,53,28.75,-98.25
54,54,28.75,-97.75
55,55,28.75,-97.25
56,56,28.75,-96.75
57,57,28.75,-96.25
58,58,28.75,-82.25
59,59,28.75,-81.75
60,60,28.75,-81.25
61,61,29.25,-103.75
62,62,29.25,-103.25
63,63,29.25,-100.75
64,64,29.25,-100.25
65,65,29.25,-99.75
66,66,29.25,-99.25
67,67,29.25,-98.75
68,68,29.25,-98.25
69,69,29.25,-97.75
70,70,29.25,-97.25
71,71,29.25,-96.75
72,72,29.25,-96.25
73,73,29.25,-95.75
74,74,29.25,-95.25
75,75,29.25,-90.75
76,76,29.25,-90.25
77,77,29.25,-82.75
78,78,29.25,-82.25
79,79,29.25,-81.75
80,80,29.25,-81.25
81,81,29.75,-104.25
82,82,29.75,-103.75
83,83,29.75,-103.25
84,84,29.75,-102.75
85,85,29.75,-102.25
86,86,29.75,-101.75
87,87,29.75,-101.25
88,88,29.75,-100.75
89,89,29.75,-100.25
90,90,29.75,-99.75
91,91,29.75,-99.25
92,92,29.75,-98.75
93,93,29.75,-98.25
94,94,29.75,-97.75
95,95,29.75,-97.25
96,96,29.75,-96.75
97,97,29.75,-96.25
98,98,29.75,-95.75
99,99,29.75,-95.25
100,100,29.75,-94.75
101,101,29.75,-94.25
102,102,29.75,-93.75
103,103,29.75,-92.75
104,104,29.75,-92.25
105,105,29.75,-91.75
106,106,29.75,-91.25
107,107,29.75,-90.75
108,108,29.75,-90.25
109,109,29.75,-89.75
110,110,29.75,-83.25
111,111,29.75,-82.75
112,112,29.75,-82.25
113,113,29.75,-81.75
114,114,29.75,-81.25
115,115,30.25,-104.75
116,116,30.25,-104.25
117,117,30.25,-103.75
118,118,30.25,-103.25
119,119,30.25,-102.75
120,120,30.25,-102.25
121,121,30.25,-101.75
122,122,30.25,-101.25
123,123,30.25,-100.75
124,124,30.25,-100.25
125,125,30.25,-99.75
126,126,30.25,-99.25
127,127,30.25,-98.75
128,128,30.25,-98.25
129,129,30.25,-97.75
130,130,30.25,-97.25
131,131,30.25,-96.75
132,132,30.25,-96.25
133,133,30.25,-95.75
134,134,30.25,-95.25
135,135,30.25,-94.75
136,136,30.25,-94.25
137,137,30.25,-93.75
138,138,30.25,-93.25
139,139,30.25,-92.75
140,140,30.25,-92.25
141,141,30.25,-91.75
142,142,30.25,-91.25
143,143,30.25,-90.75
144,144,30.25,-89.75
145,145,30.25,-85.75
146,146,30.25,-85.25
147,147,30.25,-84.75
148,148,30.25,-84.25
149,149,30.25,-83.75
150,150,30.25,-83.25
151,151,30.25,-82.75
152,152,30.25,-82.25
153,153,30.25,-81.75
154,154,30.75,-105.25
155,155,30.75,-104.75
156,156,30.75,-104.25
157,157,30.75,-103.75
158,158,30.75,-103.25
159,159,30.75,-102.75
160,160,30.75,-102.25
161,161,30.75,-101.75
162,162,30.75,-101.25
163,163,30.75,-100.75
164,164,30.75,-100.25
165,165,30.75,-99.75
166,166,30.75,-99.25
167,167,30.75,-98.75
168,168,30.75,-98.25
169,169,30.75,-97.75
170,170,30.75,-97.25
171,171,30.75,-96.75
172,172,30.75,-96.25
173,173,30.75,-95.75
174,174,30.75,-95.25
175,175,30.75,-94.75
176,176,30.75,-94.25
177,177,30.75,-93.75
178,178,30.75,-93.25
179,179,30.75,-92.75
180,180,30.75,-92.25
181,181,30.75,-91.75
182,182,30.75,-91.25
183,183,30.75,-90.75
184,184,30.75,-90.25
185,185,30.75,-89.75
186,186,30.75,-89.25
187,187,30.75,-88.75
188,188,30.75,-88.25
189,189,30.75,-87.75
190,190,30.75,-87.25
191,191,30.75,-86.75
192,192,30.75,-86.25
193,193,30.75,-85.75
194,194,30.75,-85.25
195,195,30.75,-84.75
196,196,30.75,-84.25
197,197,30.75,-83.75
198,198,30.75,-83.25
199,199,30.75,-82.75
200,200,30.75,-82.25
201,201,30.75,-81.75
202,202,31.25,-110.75
203,203,31.25,-110.25
204,204,31.25,-109.75
205,205,31.25,-109.25
206,206,31.25,-108.75
207,207,31.25,-105.75
208,208,31.25,-105.25
209,209,31.25,-104.75
210,210,31.25,-104.25
211,211,31.25,-103.75
212,212,31.25,-103.25
213,213,31.25,-102.75
214,214,31.25,-102.25
215,215,31.25,-101.75
216,216,31.25,-101.25
217,217,31.25,-100.75
218,218,31.25,-100.25
219,219,31.25,-99.75
220,220,31.25,-99.25
221,221,31.25,-98.75
222,222,31.25,-98.25
223,223,31.25,-97.75
224,224,31.25,-97.25
225,225,31.25,-96.75
226,226,31.25,-96.25
227,227,31.25,-95.75
228,228,31.25,-95.25
229,229,31.25,-94.75
230,230,31.25,-94.25
231,231,31.25,-93.75
232,232,31.25,-93.25
233,233,31.25,-92.75
234,234,31.25,-92.25
235,235,31.25,-91.75
236,236,31.25,-91.25
237,237,31.25,-90.75
238,238,31.25,-90.25
239,239,31.25,-89.75
240,240,31.25,-89.25
241,241,31.25,-88.75
242,242,31.25,-88.25
243,243,31.25,-87.75
244,244,31.25,-87.25
245,245,31.25,-86.75
246,246,31.25,-86.25
247,247,31.25,-85.75
248,248,31.25,-85.25
249,249,31.25,-84.75
250,250,31.25,-84.25
251,251,31.25,-83.75
252,252,31.25,-83.25
253,253,31.25,-82.75
254,254,31.25,-82.25
255,255,31.25,-81.75
256,256,31.75,-112.75
257,257,31.75,-112.25
258,258,31.75,-111.75
259,259,31.75,-111.25
260,260,31.75,-110.75
261,261,31.75,-110.25
262,262,31.75,-109.75
263,263,31.75,-109.25
264,264,31.75,-108.75
265,265,31.75,-108.25
266,266,31.75,-107.75
267,267,31.75,-107.25
268,268,31.75,-106.75
269,269,31.75,-106.25
270,270,31.75,-105.75
271,271,31.75,-105.25
272,272,31.75,-104.75
273,273,31.75,-104.25
274,274,31.75,-103.75
275,275,31.75,-103.25
276,276,31.75,-102.75
277,277,31.75,-102.25
278,278,31.75,-101.75
279,279,31.75,-101.25
280,280,31.75,-100.75
281,281,31.75,-100.25
282,282,31.75,-99.75
283,283,31.75,-99.25
284,284,31.75,-98.75
285,285,31.75,-98.25
286,286,31.75,-97.75
287,287,31.75,-97.25
288,288,31.75,-96.75
289,289,31.75,-96.25
290,290,31.75,-95.75
291,291,31.75,-95.25
292,292,31.75,-94.75
293,293,31.75,-94.25
294,294,31.75,-93.75
295,295,31.75,-93.25
296,296,31.75,-92.75
297,297,31.75,-92.25
298,298,31.75,-91.75
299,299,31.75,-91.25
300,300,31.75,-90.75
301,301,31.75,-90.25
302,302,31.75,-89.75
303,303,31.75,-89.25
304,304,31.75,-88.75
305,305,31.75,-88.25
306,306,31.75,-87.75
307,307,31.75,-87.25
308,308,31.75,-86.75
309,309,31.75,-86.25
310,310,31.75,-85.75
311,311,31.75,-85.25
312,312,31.75,-84.75
313,313,31.75,-84.25
314,314,31.75,-83.75
315,315,31.75,-83.25
316,316,31.75,-82.75
317,317,31.75,-82.25
318,318,31.75,-81.75
319,319,31.75,-81.25
320,320,32.25,-114.25
321,321,32.25,-113.75
322,322,32.25,-113.25
323,323,32.25,-112.75
324,324,32.25,-112.25
325,325,32.25,-111.75
326,326,32.25,-111.25
327,327,32.25,-110.75
328,328,32.25,-110.25
329,329,32.25,-109.75
330,330,32.25,-109.25
331,331,32.25,-108.75
332,332,32.25,-108.25
333,333,32.25,-107.75
334,334,32.25,-107.25
335,335,32.25,-106.75
336,336,32.25,-106.25
337,337,32.25,-105.75
338,338,32.25,-105.25
339,339,32.25,-104.75
340,340,32.25,-104.25
341,341,32.25,-103.75
342,342,32.25,-103.25
343,343,32.25,-102.75
344,344,32.25,-102.25
345,345,32.25,-101.75
346,346,32.25,-101.25
347,347,32.25,-100.75
348,348,32.25,-100.25
349,349,32.25,-99.75
350,350,32.25,-99.25
351,351,32.25,-98.75
352,352,32.25,-98.25
353,353,32.25,-97.75
354,354,32.25,-97.25
355,355,32.25,-96.75
356,356,32.25,-96.25
357,357,32.25,-95.75
358,358,32.25,-95.25
359,359,32.25,-94.75
360,360,32.25,-94.25
361,361,32.25,-93.75
362,362,32.25,-93.25
363,363,32.25,-92.75
364,364,32.25,-92.25
365,365,32.25,-91.75
366,366,32.25,-91.25
367,367,32.25,-90.75
368,368,32.25,-90.25
369,369,32.25,-89.75
370,370,32.25,-89.25
371,371,32.25,-88.75
372,372,32.25,-88.25
373,373,32.25,-87.75
374,374,32.25,-87.25
375,375,32.25,-86.75
376,376,32.25,-86.25
377,377,32.25,-85.75
378,378,32.25,-85.25
379,379,32.25,-84.75
380,380,32.25,-84.25
381,381,32.25,-83.75
382,382,32.25,-83.25
383,383,32.25,-82.75
384,384,32.25,-82.25
385,385,32.25,-81.75
386,386,32.25,-81.25
387,387,32.25,-80.75
388,388,32.75,-116.75
389,389,32.75,-116.25
390,390,32.75,-115.75
391,391,32.75,-115.25
392,392,32.75,-114.75
393,393,32.75,-114.25
394,394,32.75,-113.75
395,395,32.75,-113.25
396,396,32.75,-112.75
397,397,32.75,-112.25
398,398,32.75,-111.75
399,399,32.75,-111.25
400,400,32.75,-110.75
401,401,32.75,-110.25
402,402,32.75,-109.75
403,403,32.75,-109.25
404,404,32.75,-108.75
405,405,32.75,-108.25
406,406,32.75,-107.75
407,407,32.75,-107.25
408,408,32.75,-106.75
409,409,32.75,-106.25
410,410,32.75,-105.75
411,411,32.75,-105.25
412,412,32.75,-104.75
413,413,32.75,-104.25
414,414,32.75,-103.75
415,415,32.75,-103.25
416,416,32.75,-102.75
417,417,32.75,-102.25
418,418,32.75,-101.75
419,419,32.75,-101.25
420,420,32.75,-100.75
421,421,32.75,-100.25
422,422,32.75,-99.75
423,423,32.75,-99.25
424,424,32.75,-98.75
425,425,32.75,-98.25
426,426,32.75,-97.75
427,427,32.75,-97.25
428,428,32.75,-96.75
429,429,32.75,-96.25
430,430,32.75,-95.75
431,431,32.75,-95.25
432,432,32.75,-94.75
433,433,32.75,-94.25
434,434,32.75,-93.75
435,435,32.75,-93.25
436,436,32.75,-92.75
437,437,32.75,-92.25
438,438,32.75,-91.75
439,439,32.75,-91.25
440,440,32.75,-90.75
441,441,32.75,-90.25
442,442,32.75,-89.75
443,443,32.75,-89.25
444,444,32.75,-88.75
445,445,32.75,-88.25
446,446,32.75,-87.75
447,447,32.75,-87.25
448,448,32.75,-86.75
449,449,32.75,-86.25
450,450,32.75,-85.75
451,451,32.75,-85.25
452,452,32.75,-84.75
453,453,32.75,-84.25
454,454,32.75,-83.75
455,455,32.75,-83.25
456,456,32.75,-82.75
457,457,32.75,-82.25
458,458,32.75,-81.75
459,459,32.75,-81.25
460,460,32.75,-80.75
461,461,32.75,-80.25
462,462,33.25,-117.25
463,463,33.25,-116.75
464,464,33.25,-116.25
465,465,33.25,-115.75
466,466,33.25,-115.25
467,467,33.25,-114.75
468,468,33.25,-114.25
469,469,33.25,-113.75
470,470,33.25,-113.25
471,471,33.25,-112.75
472,472,33.25,-112.25
473,473,33.25,-111.75
474,474,33.25,-111.25
475,475,33.25,-110.75
476,476,33.25,-110.25
477,477,33.25,-109.75
478,478,33.25,-109.25
479,479,33.25,-108.75
480,480,33.25,-108.25
481,481,33.25,-107.75
482,482,33.25,-107.25
483,483,33.25,-106.75
484,484,33.25,-106.25
485,485,33.25,-105.75
486,486,33.25,-105.25
487,487,33.25,-104.75
488,488,33.25,-104.25
489,489,33.25,-103.75
490,490,33.25,-103.25
491,491,33.25,-102.75
492,492,33.25,-102.25
493,493,33.25,-101.75
494,494,33.25,-101.25
495,495,33.25,-100.75
496,496,33.25,-100.25
497,497,33.25,-99.75
498,498,33.25,-99.25
499,499,33.25,-98.75
500,500,33.25,-98.25
501,501,33.25,-97.75
502,502,33.25,-97.25
503,503,33.25,-96.75
504,504,33.25,-96.25
505,505,33.25,-95.75
506,506,33.25,-95.25
507,507,33.25,-94.75
508,508,33.25,-94.25
509,509,33.25,-93.75
510,510,33.25,-93.25
511,511,33.25,-92.75
512,512,33.25,-92.25
513,513,33.25,-91.75
514,514,33.25,-91.25
515,515,33.25,-90.75
516,516,33.25,-90.25
517,517,33.25,-89.75
518,518,33.25,-89.25
519,519,33.25,-88.75
520,520,33.25,-88.25
521,521,33.25,-87.75
522,522,33.25,-87.25
523,523,33.25,-86.75
524,524,33.25,-86.25
525,525,33.25,-85.75
526,526,33.25,-85.25
527,527,33.25,-84.75
528,528,33.25,-84.25
529,529,33.25,-83.75
530,530,33.25,-83.25
531,531,33.25,-82.75
532,532,33.25,-82.25
533,533,33.25,-81.75
534,534,33.25,-81.25
535,535,33.25,-80.75
536,536,33.25,-80.25
537,537,33.25,-79.75
538,538,33.25,-79.25
539,539,33.75,-117.75
540,540,33.75,-117.25
541,541,33.75,-116.75
542,542,33.75,-116.25
543,543,33.75,-115.75
544,544,33.75,-115.25
545,545,33.75,-114.75
546,546,33.75,-114.25
547,547,33.75,-113.75
548,548,33.75,-113.25
549,549,33.75,-112.75
550,550,33.75,-112.25
551,551,33.75,-111.75
552,552,33.75,-111.25
553,553,33.75,-110.75
554,554,33.75,-110.25
555,555,33.75,-109.75
556,556,33.75,-109.25
557,557,33.75,-108.75
558,558,33.75,-108.25
559,559,33.75,-107.75
560,560,33.75,-107.25
561,561,33.75,-106.75
562,562,33.75,-106.25
563,563,33.75,-105.75
564,564,33.75,-105.25
565,565,33.75,-104.75
566,566,33.75,-104.25
567,567,33.75,-103.75
568,568,33.75,-103.25
569,569,33.75,-102.75
570,570,33.75,-102.25
571,571,33.75,-101.75
572,572,33.75,-101.25
573,573,33.75,-100.75
574,574,33.75,-100.25
575,575,33.75,-99.75
576,576,33.75,-99.25
577,577,33.75,-98.75
578,578,33.75,-98.25
579,579,33.75,-97.75
580,580,33.75,-97.25
581,581,33.75,-96.75
582,582,33.75,-96.25
583,583,33.75,-95.75
584,584,33.75,-95.25
585,585,33.75,-94.75
586,586,33.75,-94.25
587,587,33.75,-93.75
588,588,33.75,-93.25
589,589,33.75,-92.75
590,590,33.75,-92.25
591,591,33.75,-91.75
592,592,33.75,-91.25
593,593,33.75,-90.75
594,594,33.75,-90.25
595,595,33.75,-89.75
596,596,33.75,-89.25
597,597,33.75,-88.75
598,598,33.75,-88.25
599,599,33.75,-87.75
600,600,33.75,-87.25
601,601,33.75,-86.75
602,602,33.75,-86.25
603,603,33.75,-85.75
604,604,33.75,-85.25
605,605,33.75,-84.75
606,606,33.75,-84.25
607,607,33.75,-83.75
608,608,33.75,-83.25
609,609,33.75,-82.75
610,610,33.75,-82.25
611,611,33.75,-81.75
612,612,33.75,-81.25
613,613,33.75,-80.75
614,614,33.75,-80.25
615,615,33.75,-79.75
616,616,33.75,-79.25
617,617,34.25,-119.25
618,618,34.25,-118.75
619,619,34.25,-118.25
620,620,34.25,-117.75
621,621,34.25,-117.25
622,622,34.25,-116.75
623,623,34.25,-116.25
624,624,34.25,-115.75
625,625,34.25,-115.25
626,626,34.25,-114.75
627,627,34.25,-114.25
628,628,34.25,-113.75
629,629,34.25,-113.25
630,630,34.25,-112.75
631,631,34.25,-112.25
632,632,34.25,-111.75
633,633,34.25,-111.25
634,634,34.25,-110.75
635,635,34.25,-110.25
636,636,34.25,-109.75
637,637,34.25,-109.25
638,638,34.25,-108.75
639,639,34.25,-108.25
640,640,34.25,-107.75
641,641,34.25,-107.25
642,642,34.25,-106.75
643,643,34.25,-106.25
644,644,34.25,-105.75
645,645,34.25,-105.25
646,646,34.25,-104.75
647,647,34.25,-104.25
648,648,34.25,-103.75
649,649,34.25,-103.25
650,650,34.25,-102.75
651,651,34.25,-102.25
652,652,34.25,-101.75
653,653,34.25,-101.25
654,654,34.25,-100.75
655,655,34.25,-100.25
656,656,34.25,-99.75
657,657,34.25,-99.25
658,658,34.25,-98.75
659,659,34.25,-98.25
660,660,34.25,-97.75
661,661,34.25,-97.25
662,662,34.25,-96.75
663,663,34.25,-96.25
664,664,34.25,-95.75
665,665,34.25,-95.25
666,666,34.25,-94.75
667,667,34.25,-94.25
668,668,34.25,-93.75
669,669,34.25,-93.25
670,670,34.25,-92.75
671,671,34.25,-92.25
672,672,34.25,-91.75
673,673,34.25,-91.25
674,674,34.25,-90.75
675,675,34.25,-90.25
676,676,34.25,-89.75
677,677,34.25,-89.25
678,678,34.25,-88.75
679,679,34.25,-88.25
680,680,34.25,-87.75
681,681,34.25,-87.25
682,682,34.25,-86.75
683,683,34.25,-86.25
684,684,34.25,-85.75
685,685,34.25,-85.25
686,686,34.25,-84.75
687,687,34.25,-84.25
688,688,34.25,-83.75
689,689,34.25,-83.25
690,690,34.25,-82.75
691,691,34.25,-82.25
692,692,34.25,-81.75
693,693,34.25,-81.25
694,694,34.25,-80.75
695,695,34.25,-80.25
696,696,34.25,-79.75
697,697,34.25,-79.25
698,698,34.25,-78.75
699,699,34.25,-78.25
700,700,34.25,-77.75
701,701,34.75,-120.25
702,702,34.75,-119.75
703,703,34.75,-119.25
704,704,34.75,-118.75
705,705,34.75,-118.25
706,706,34.75,-117.75
707,707,34.75,-117.25
708,708,34.75,-116.75
709,709,34.75,-116.25
710,710,34.75,-115.75
711,711,34.75,-115.25
712,712,34.75,-114.75
713,713,34.75,-114.25
714,714,34.75,-113.75
715,715,34.75,-113.25
716,716,34.75,-112.75
717,717,34.75,-112.25
718,718,34.75,-111.75
719,719,34.75,-111.25
720,720,34.75,-110.75
721,721,34.75,-110.25
722,722,34.75,-109.75
723,723,34.75,-109.25
724,724,34.75,-108.75
725,725,34.75,-108.25
726,726,34.75,-107.75
727,727,34.75,-107.25
728,728,34.75,-106.75
729,729,34.75,-106.25
730,730,34.75,-105.75
731,731,34.75,-105.25
732,732,34.75,-104.75
733,733,34.75,-104.25
734,734,34.75,-103.75
735,735,34.75,-103.25
736,736,34.75,-102.75
737,737,34.75,-102.25
738,738,34.75,-101.75
739,739,34.75,-101.25
740,740,34.75,-100.75
741,741,34.75,-100.25
742,742,34.75,-99.75
743,743,34.75,-99.25
744,744,34.75,-98.75
745,745,34.75,-98.25
746,746,34.75,-97.75
747,747,34.75,-97.25
748,748,34.75,-96.75
749,749,34.75,-96.25
750,750,34.75,-95.75
751,751,34.75,-95.25
752,752,34.75,-94.75
753,753,34.75,-94.25
754,754,34.75,-93.75
755,755,34.75,-93.25
756,756,34.75,-92.75
757,757,34.75,-92.25
758,758,34.75,-91.75
759,759,34.75,-91.25
760,760,34.75,-90.75
761,761,34.75,-90.25
762,762,34.75,-89.75
763,763,34.75,-89.25
764,764,34.75,-88.75
765,765,34.75,-88.25
766,766,34.75,-87.75
767,767,34.75,-87.25
768,768,34.75,-86.75
769,769,34.75,-86.25
770,770,34.75,-85.75
771,771,34.75,-85.25
772,772,34.75,-84.75
773,773,34.75,-84.25
774,774,34.75,-83.75
775,775,34.75,-83.25
776,776,34.75,-82.75
777,777,34.75,-82.25
778,778,34.75,-81.75
779,779,34.75,-81.25
780,780,34.75,-80.75
781,781,34.75,-80.25
782,782,34.75,-79.75
783,783,34.75,-79.25
784,784,34.75,-78.75
785,785,34.75,-78.25
786,786,34.75,-77.75
787,787,34.75,-77.25
788,788,35.25,-120.75
789,789,35.25,-120.25
790,790,35.25,-119.75
791,791,35.25,-119.25
792,792,35.25,-118.75
793,793,35.25,-118.25
794,794,35.25,-117.75
795,795,35.25,-117.25
796,796,35.25,-116.75
797,797,35.25,-116.25
798,798,35.25,-115.75
799,799,35.25,-115.25
800,800,35.25,-114.75
801,801,35.25,-114.25
802,802,35.25,-113.75
803,803,35.25,-113.25
804,804,35.25,-112.75
805,805,35.25,-112.25
806,806,35.25,-111.75
807,807,35.25,-111.25
808,808,35.25,-110.75
809,809,35.25,-110.25
810,810,35.25,-109.75
811,811,35.25,-109.25
812,812,35.25,-108.75
813,813,35.25,-108.25
814,814,35.25,-107.75
815,815,35.25,-107.25
816,816,35.25,-106.75
817,817,35.25,-106.25
818,818,35.25,-105.75
819,819,35.25,-105.25
820,820,35.25,-104.75
821,821,35.25,-104.25
822,822,35.25,-103.75
823,823,35.25,-103.25
824,824,35.25,-102.75
825,825,35.25,-102.25
826,826,35.25,-101.75
827,827,35.25,-101.25
828,828,35.25,-100.75
829,829,35.25,-100.25
830,830,35.25,-99.75
831,831,35.25,-99.25
832,832,35.25,-98.75
833,833,35.25,-98.25
834,834,35.25,-97.75
835,835,35.25,-97.25
836,836,35.25,-96.75
837,837,35.25,-96.25
838,838,35.25,-95.75
839,839,35.25,-95.25
840,840,35.25,-94.75
841,841,35.25,-94.25
842,842,35.25,-93.75
843,843,35.25,-93.25
844,844,35.25,-92.75
845,845,35.25,-92.25
846,846,35.25,-91.75
847,847,35.25,-91.25
848,848,35.25,-90.75
849,849,35.25,-90.25
850,850,35.25,-89.75
851,851,35.25,-89.25
852,852,35.25,-88.75
853,853,35.25,-88.25
854,854,35.25,-87.75
855,855,35.25,-87.25
856,856,35.25,-86.75
857,857,35.25,-86.25
858,858,35.25,-85.75
859,859,35.25,-85.25
860,860,35.25,-84.75
861,861,35.25,-84.25
862,862,35.25,-83.75
863,863,35.25,-83.25
864,864,35.25,-82.75
865,865,35.25,-82.25
866,866,35.25,-81.75
867,867,35.25,-81.25
868,868,35.25,-80.75
869,869,35.25,-80.25
870,870,35.25,-79.75
871,871,35.25,-79.25
872,872,35.25,-78.75
873,873,35.25,-78.25
874,874,35.25,-77.75
875,875,35.25,-77.25
876,876,35.25,-76.75
877,877,35.75,-121.25
878,878,35.75,-120.75
879,879,35.75,-120.25
880,880,35.75,-119.75
881,881,35.75,-119.25
882,882,35.75,-118.75
883,883,35.75,-118.25
884,884,35.75,-117.75
885,885,35.75,-117.25
886,886,35.75,-116.75
887,887,35.75,-116.25
888,888,35.75,-115.75
889,889,35.75,-115.25
890,890,35.75,-114.75
891,891,35.75,-114.25
892,892,35.75,-113.75
893,893,35.75,-113.25
894,894,35.75,-112.75
895,895,35.75,-112.25
896,896,35.75,-111.75
897,897,35.75,-111.25
898,898,35.75,-110.75
899,899,35.75,-110.25
900,900,35.75,-109.75
901,901,35.75,-109.25
902,902,35.75,-108.75
903,903,35.75,-108.25
904,904,35.75,-107.75
905,905,35.75,-107.25
906,906,35.75,-106.75
907,907,35.75,-106.25
908,908,35.75,-105.75
909,909,35.75,-105.25
910,910,35.75,-104.75
911,911,35.75,-104.25
912,912,35.75,-103.75
913,913,35.75,-103.25
914,914,35.75,-102.75
915,915,35.75,-102.25
916,916,35.75,-101.75
917,917,35.75,-101.25
918,918,35.75,-100.75
919,919,35.75,-100.25
920,920,35.75,-99.75
921,921,35.75,-99.25
922,922,35.75,-98.75
923,923,35.75,-98.25
924,924,35.75,-97.75
925,925,35.75,-97.25
926,926,35.75,-96.75
927,927,35.75,-96.25
928,928,35.75,-95.75
929,929,35.75,-95.25
930,930,35.75,-94.75
931,931,35.75,-94.25
932,932,35.75,-93.75
933,933,35.75,-93.25
934,934,35.75,-92.75
935,935,35.75,-92.25
936,936,35.75,-91.75
937,937,35.75,-91.25
938,938,35.75,-90.75
939,939,35.75,-90.25
940,940,35.75,-89.75
941,941,35.75,-89.25
942,942,35.75,-88.75
943,943,35.75,-88.25
944,944,35.75,-87.75
945,945,35.75,-87.25
946,946,35.75,-86.75
947,947,35.75,-86.25
948,948,35.75,-85.75
949,949,35.75,-85.25
950,950,35.75,-84.75
951,951,35.75,-84.25
952,952,35.75,-83.75
953,953,35.75,-83.25
954,954,35.75,-82.75
955,955,35.75,-82.25
956,956,35.75,-81.75
957,957,35.75,-81.25
958,958,35.75,-80.75
959,959,35.75,-80.25
960,960,35.75,-79.75
961,961,35.75,-79.25
962,962,35.75,-78.75
963,963,35.75,-78.25
964,964,35.75,-77.75
965,965,35.75,-77.25
966,966,35.75,-76.75
967,967,35.75,-76.25
968,968,36.25,-121.25
969,969,36.25,-120.75
970,970,36.25,-120.25
971,971,36.25,-119.75
972,972,36.25,-119.25
973,973,36.25,-118.75
974,974,36.25,-118.25
975,975,36.25,-117.75
976,976,36.25,-117.25
977,977,36.25,-116.75
978,978,36.25,-116.25
979,979,36.25,-115.75
980,980,36.25,-115.25
981,981,36.25,-114.75
982,982,36.25,-114.25
983,983,36.25,-113.75
984,984,36.25,-113.25
985,985,36.25,-112.75
986,986,36.25,-112.25
987,987,36.25,-111.75
988,988,36.25,-111.25
989,989,36.25,-110.75
990,990,36.25,-110.25
991,991,36.25,-109.75
992,992,36.25,-109.25
993,993,36.25,-108.75
994,994,36.25,-108.25
995,995,36.25,-107.75
996,996,36.25,-107.25
997,997,36.25,-106.75
998,998,36.25,-106.25
999,999,36.25,-105.75
1000,1000,36.25,-105.25
1001,1001,36.25,-104.75
1002,1002,36.25,-104.25
1003,1003,36.25,-103.75
1004,1004,36.25,-103.25
1005,1005,36.25,-102.75
1006,1006,36.25,-102.25
1007,1007,36.25,-101.75
1008,1008,36.25,-101.25
1009,1009,36.25,-100.75
1010,1010,36.25,-100.25
1011,1011,36.25,-99.75
1012,1012,36.25,-99.25
1013,1013,36.25,-98.75
1014,1014,36.25,-98.25
1015,1015,36.25,-97.75
1016,1016,36.25,-97.25
1017,1017,36.25,-96.75
1018,1018,36.25,-96.25
1019,1019,36.25,-95.75
1020,1020,36.25,-95.25
1021,1021,36.25,-94.75
1022,1022,36.25,-94.25
1023,1023,36.25,-93.75
1024,1024,36.25,-93.25
1025,1025,36.25,-92.75
1026,1026,36.25,-92.25
1027,1027,36.25,-91.75
1028,1028,36.25,-91.25
1029,1029,36.25,-90.75
1030,1030,36.25,-90.25
1031,1031,36.25,-89.75
1032,1032,36.25,-89.25
1033,1033,36.25,-88.75
1034,1034,36.25,-88.25
1035,1035,36.25,-87.75
1036,1036,36.25,-87.25
1037,1037,36.25,-86.75
1038,1038,36.25,-86.25
1039,1039,36.25,-85.75
1040,1040,36.25,-85.25
1041,1041,36.25,-84.75
1042,1042,36.25,-84.25
1043,1043,36.25,-83.75
1044,1044,36.25,-83.25
1045,1045,36.25,-82.75
1046,1046,36.25,-82.25
1047,1047,36.25,-81.75
1048,1048,36.25,-81.25
1049,1049,36.25,-80.75
1050,1050,36.25,-80.25
1051,1051,36.25,-79.75
1052,1052,36.25,-79.25
1053,1053,36.25,-78.75
1054,1054,36.25,-78.25
1055,1055,36.25,-77.75
1056,1056,36.25,-77.25
1057,1057,36.25,-76.75
1058,1058,36.25,-76.25
1059,1059,36.75,-121.75
1060,1060,36.75,-121.25
1061,1061,36.75,-120.75
1062,1062,36.75,-120.25
1063,1063,36.75,-119.75
1064,1064,36.75,-119.25
1065,1065,36.75,-118.75
1066,1066,36.75,-118.25
1067,1067,36.75,-117.75
1068,1068,36.75,-117.25
1069,1069,36.75,-116.75
1070,1070,36.75,-116.25
1071,1071,36.75,-115.75
1072,1072,36.75,-115.25
1073,1073,36.75,-114.75
1074,1074,36.75,-114.25
1075,1075,36.75,-113.75
1076,1076,36.75,-113.25
1077,1077,36.75,-112.75
1078,1078,36.75,-112.25
1079,1079,36.75,-111.75
1080,1080,36.75,-111.25
1081,1081,36.75,-110.75
1082,1082,36.75,-110.25
1083,1083,36.75,-109.75
1084,1084,36.75,-109.25
1085,1085,36.75,-108.75
1086,1086,36.75,-108.25
1087,1087,36.75,-107.75
1088,1088,36.75,-107.25
1089,1089,36.75,-106.75
1090,1090,36.75,-106.25
1091,1091,36.75,-105.75
1092,1092,36.75,-105.25
1093,1093,36.75,-104.75
1094,1094,36.75,-104.25
1095,1095,36.75,-103.75
1096,1096,36.75,-103.25
1097,1097,36.75,-102.75
1098,1098,36.75,-102.25
1099,1099,36.75,-101.75
1100,1100,36.75,-101.25
1101,1101,36.75,-100.75
1102,1102,36.75,-100.25
1103,1103,36.75,-99.75
1104,1104,36.75,-99.25
1105,1105,36.75,-98.75
1106,1106,36.75,-98.25
1107,1107,36.75,-97.75
1108,1108,36.75,-97.25
1109,1109,36.75,-96.75
1110,1110,36.75,-96.25
1111,1111,36.75,-95.75
1112,1112,36.75,-95.25
1113,1113,36.75,-94.75
1114,1114,36.75,-94.25
1115,1115,36.75,-93.75
1116,1116,36.75,-93.25
1117,1117,36.75,-92.75
1118,1118,36.75,-92.25
1119,1119,36.75,-91.75
1120,1120,36.75,-91.25
1121,1121,36.75,-90.75
1122,1122,36.75,-90.25
1123,1123,36.75,-89.75
1124,1124,36.75,-89.25
1125,1125,36.75,-88.75
1126,1126,36.75,-88.25
1127,1127,36.75,-87.75
1128,1128,36.75,-87.25
1129,1129,36.75,-86.75
1130,1130,36.75,-86.25
1131,1131,36.75,-85.75
1132,1132,36.75,-85.25
1133,1133,36.75,-84.75
1134,1134,36.75,-84.25
1135,1135,36.75,-83.75
1136,1136,36.75,-83.25
1137,1137,36.75,-82.75
1138,1138,36.75,-82.25
1139,1139,36.75,-81.75
1140,1140,36.75,-81.25
1141,1141,36.75,-80.75
1142,1142,36.75,-80.25
1143,1143,36.75,-79.75
1144,1144,36.75,-79.25
1145,1145,36.75,-78.75
1146,1146,36.75,-78.25
1147,1147,36.75,-77.75
1148,1148,36.75,-77.25
1149,1149,36.75,-76.75
1150,1150,36.75,-76.25
1151,1151,37.25,-122.25
1152,1152,37.25,-121.75
1153,1153,37.25,-121.25
1154,1154,37.25,-120.75
1155,1155,37.25,-120.25
1156,1156,37.25,-119.75
1157,1157,37.25,-119.25
1158,1158,37.25,-118.75
1159,1159,37.25,-118.25
1160,1160,37.25,-117.75
1161,1161,37.25,-117.25
1162,1162,37.25,-116.75
1163,1163,37.25,-116.25
1164,1164,37.25,-115.75
1165,1165,37.25,-115.25
1166,1166,37.25,-114.75
1167,1167,37.25,-114.25
1168,1168,37.25,-113.75
1169,1169,37.25,-113.25
1170,1170,37.25,-112.75
1171,1171,37.25,-112.25
1172,1172,37.25,-111.75
1173,1173,37.25,-111.25
1174,1174,37.25,-110.75
1175,1175,37.25,-110.25
1176,1176,37.25,-109.75
1177,1177,37.25,-109.25
1178,1178,37.25,-108.75
1179,1179,37.25,-108.25
1180,1180,37.25,-107.75
1181,1181,37.25,-107.25
1182,1182,37.25,-106.75
1183,1183,37.25,-106.25
1184,1184,37.25,-105.75
1185,1185,37.25,-105.25
1186,1186,37.25,-104.75
1187,1187,37.25,-104.25
1188,1188,37.25,-103.75
1189,1189,37.25,-103.25
1190,1190,37.25,-102.75
1191,1191,37.25,-102.25
1192,1192,37.25,-101.75
1193,1193,37.25,-101.25
1194,1194,37.25,-100.75
1195,1195,37.25,-100.25
1196,1196,37.25,-99.75
1197,1197,37.25,-99.25
1198,1198,37.25,-98.75
1199,1199,37.25,-98.25
1200,1200,37.25,-97.75
1201,1201,37.25,-97.25
1202,1202,37.25,-96.75
1203,1203,37.25,-96.25
1204,1204,37.25,-95.75
1205,1205,37.25,-95.25
1206,1206,37.25,-94.75
1207,1207,37.25,-94.25
1208,1208,37.25,-93.75
1209,1209,37.25,-93.25
1210,1210,37.25,-92.75
1211,1211,37.25,-92.25
1212,1212,37.25,-91.75
1213,1213,37.25,-91.25
1214,1214,37.25,-90.75
1215,1215,37.25,-90.25
1216,1216,37.25,-89.75
1217,1217,37.25,-89.25
1218,1218,37.25,-88.75
1219,1219,37.25,-88.25
1220,1220,37.25,-87.75
1221,1221,37.25,-87.25
1222,1222,37.25,-86.75
1223,1223,37.25,-86.25
1224,1224,37.25,-85.75
1225,1225,37.25,-85.25
1226,1226,37.25,-84.75
1227,1227,37.25,-84.25
1228,1228,37.25,-83.75
1229,1229,37.25,-83.25
1230,1230,37.25,-82.75
1231,1231,37.25,-82.25
1232,1232,37.25,-81.75
1233,1233,37.25,-81.25
1234,1234,37.25,-80.75
1235,1235,37.25,-80.25
1236,1236,37.25,-79.75
1237,1237,37.25,-79.25
1238,1238,37.25,-78.75
1239,1239,37.25,-78.25
1240,1240,37.25,-77.75
1241,1241,37.25,-77.25
1242,1242,37.25,-76.75
1243,1243,37.75,-122.25
1244,1244,37.75,-121.75
1245,1245,37.75,-121.25
1246,1246,37.75,-120.75
1247,1247,37.75,-120.25
1248,1248,37.75,-119.75
1249,1249,37.75,-119.25
1250,1250,37.75,-118.75
1251,1251,37.75,-118.25
1252,1252,37.75,-117.75
1253,1253,37.75,-117.25
1254,1254,37.75,-116.75
1255,1255,37.75,-116.25
1256,1256,37.75,-115.75
1257,1257,37.75,-115.25
1258,1258,37.75,-114.75
1259,1259,37.75,-114.25
1260,1260,37.75,-113.75
1261,1261,37.75,-113.25
1262,1262,37.75,-112.75
1263,1263,37.75,-112.25
1264,1264,37.75,-111.75
1265,1265,37.75,-111.25
1266,1266,37.75,-110.75
1267,1267,37.75,-110.25
1268,1268,37.75,-109.75
1269,1269,37.75,-109.25
1270,1270,37.75,-108.75
1271,1271,37.75,-108.25
1272,1272,37.75,-107.75
1273,1273,37.75,-107.25
1274,1274,37.75,-106.75
1275,1275,37.75,-106.25
1276,1276,37.75,-105.75
1277,1277,37.75,-105.25
1278,1278,37.75,-104.75
1279,1279,37.75,-104.25
1280,1280,37.75,-103.75
1281,1281,37.75,-103.25
1282,1282,37.75,-102.75
1283,1283,37.75,-102.25
1284,1284,37.75,-101.75
1285,1285,37.75,-101.25
1286,1286,37.75,-100.75
1287,1287,37.75,-100.25
1288,1288,37.75,-99.75
1289,1289,37.75,-99.25
1290,1290,37.75,-98.75
1291,1291,37.75,-98.25
1292,1292,37.75,-97.75
1293,1293,37.75,-97.25
1294,1294,37.75,-96.75
1295,1295,37.75,-96.25
1296,1296,37.75,-95.75
1297,1297,37.75,-95.25
1298,1298,37.75,-94.75
1299,1299,37.75,-94.25
1300,1300,37.75,-93.75
1301,1301,37.75,-93.25
1302,1302,37.75,-92.75
1303,1303,37.75,-92.25
1304,1304,37.75,-91.75
1305,1305,37.75,-91.25
1306,1306,37.75,-90.75
1307,1307,37.75,-90.25
1308,1308,37.75,-89.75
1309,1309,37.75,-89.25
1310,1310,37.75,-88.75
1311,1311,37.75,-88.25
1312,1312,37.75,-87.75
1313,1313,37.75,-87.25
1314,1314,37.75,-86.75
1315,1315,37.75,-86.25
1316,1316,37.75,-85.75
1317,1317,37.75,-85.25
1318,1318,37.75,-84.75
1319,1319,37.75,-84.25
1320,1320,37.75,-83.75
1321,1321,37.75,-83.25
1322,1322,37.75,-82.75
1323,1323,37.75,-82.25
1324,1324,37.75,-81.75
1325,1325,37.75,-81.25
1326,1326,37.75,-80.75
1327,1327,37.75,-80.25
1328,1328,37.75,-79.75
1329,1329,37.75,-79.25
1330,1330,37.75,-78.75
1331,1331,37.75,-78.25
1332,1332,37.75,-77.75
1333,1333,37.75,-77.25
1334,1334,37.75,-76.75
1335,1335,38.25,-122.75
1336,1336,38.25,-122.25
1337,1337,38.25,-121.75
1338,1338,38.25,-121.25
1339,1339,38.25,-120.75
1340,1340,38.25,-120.25
1341,1341,38.25,-119.75
1342,1342,38.25,-119.25
1343,1343,38.25,-118.75
1344,1344,38.25,-118.25
1345,1345,38.25,-117.75
1346,1346,38.25,-117.25
1347,1347,38.25,-116.75
1348,1348,38.25,-116.25
1349,1349,38.25,-115.75
1350,1350,38.25,-115.25
1351,1351,38.25,-114.75
1352,1352,38.25,-114.25
1353,1353,38.25,-113.75
1354,1354,38.25,-113.25
1355,1355,38.25,-112.75
1356,1356,38.25,-112.25
1357,1357,38.25,-111.75
1358,1358,38.25,-111.25
1359,1359,38.25,-110.75
1360,1360,38.25,-110.25
1361,1361,38.25,-109.75
1362,1362,38.25,-109.25
1363,1363,38.25,-108.75
1364,1364,38.25,-108.25
1365,1365,38.25,-107.75
1366,1366,38.25,-107.25
1367,1367,38.25,-106.75
1368,1368,38.25,-106.25
1369,1369,38.25,-105.75
1370,1370,38.25,-105.25
1371,1371,38.25,-104.75
1372,1372,38.25,-104.25
1373,1373,38.25,-103.75
1374,1374,38.25,-103.25
1375,1375,38.25,-102.75
1376,1376,38.25,-102.25
1377,1377,38.25,-101.75
1378,1378,38.25,-101.25
1379,1379,38.25,-100.75
1380,1380,38.25,-100.25
1381,1381,38.25,-99.75
1382,1382,38.25,-99.25
1383,1383,38.25,-98.75
1384,1384,38.25,-98.25
1385,1385,38.25,-97.75
1386,1386,38.25,-97.25
1387,1387,38.25,-96.75
1388,1388,38.25,-96.25
1389,1389,38.25,-95.75
1390,1390,38.25,-95.25
1391,1391,38.25,-94.75
1392,1392,38.25,-94.25
1393,1393,38.25,-93.75
1394,1394,38.25,-93.25
1395,1395,38.25,-92.75
1396,1396,38.25,-92.25
1397,1397,38.25,-91.75
1398,1398,38.25,-91.25
1399,1399,38.25,-90.75
1400,1400,38.25,-90.25
1401,1401,38.25,-89.75
1402,1402,38.25,-89.25
1403,1403,38.25,-88.75
1404,1404,38.25,-88.25
1405,1405,38.25,-87.75
1406,1406,38.25,-87.25
1407,1407,38.25,-86.75
1408,1408,38.25,-86.25
1409,1409,38.25,-85.75
1410,1410,38.25,-85.25
1411,1411,38.25,-84.75
1412,1412,38.25,-84.25
1413,1413,38.25,-83.75
1414,1414,38.25,-83.25
1415,1415,38.25,-82.75
1416,1416,38.25,-82.25
1417,1417,38.25,-81.75
1418,1418,38.25,-81.25
1419,1419,38.25,-80.75
1420,1420,38.25,-80.25
1421,1421,38.25,-79.75
1422,1422,38.25,-79.25
1423,1423,38.25,-78.75
1424,1424,38.25,-78.25
1425,1425,38.25,-77.75
1426,1426,38.25,-77.25
1427,1427,38.25,-76.75
1428,1428,38.25,-75.75
1429,1429,38.25,-75.25
1430,1430,38.75,-123.25
1431,1431,38.75,-122.75
1432,1432,38.75,-122.25
1433,1433,38.75,-121.75
1434,1434,38.75,-121.25
1435,1435,38.75,-120.75
1436,1436,38.75,-120.25
1437,1437,38.75,-119.75
1438,1438,38.75,-119.25
1439,1439,38.75,-118.75
1440,1440,38.75,-118.25
1441,1441,38.75,-117.75
1442,1442,38.75,-117.25
1443,1443,38.75,-116.75
1444,1444,38.75,-116.25
1445,1445,38.75,-115.75
1446,1446,38.75,-115.25
1447,1447,38.75,-114.75
1448,1448,38.75,-114.25
1449,1449,38.75,-113.75
1450,1450,38.75,-113.25
1451,1451,38.75,-112.75
1452,1452,38.75,-112.25
1453,1453,38.75,-111.75
1454,1454,38.75,-111.25
1455,1455,38.75,-110.75
1456,1456,38.75,-110.25
1457,1457,38.75,-109.75
1458,1458,38.75,-109.25
1459,1459,38.75,-108.75
1460,1460,38.75,-108.25
1461,1461,38.75,-107.75
1462,1462,38.75,-107.25
1463,1463,38.75,-106.75
1464,1464,38.75,-106.25
1465,1465,38.75,-105.75
1466,1466,38.75,-105.25
1467,1467,38.75,-104.75
1468,1468,38.75,-104.25
1469,1469,38.75,-103.75
1470,1470,38.75,-103.25
1471,1471,38.75,-102.75
1472,1472,38.75,-102.25
1473,1473,38.75,-101.75
1474,1474,38.75,-101.25
1475,1475,38.75,-100.75
1476,1476,38.75,-100.25
1477,1477,38.75,-99.75
1478,1478,38.75,-99.25
1479,1479,38.75,-98.75
1480,1480,38.75,-98.25
1481,1481,38.75,-97.75
1482,1482,38.75,-97.25
1483,1483,38.75,-96.75
1484,1484,38.75,-96.25
1485,1485,38.75,-95.75
1486,1486,38.75,-95.25
1487,1487,38.75,-94.75
1488,1488,38.75,-94.25
1489,1489,38.75,-93.75
1490,1490,38.75,-93.25
1491,1491,38.75,-92.75
1492,1492,38.75,-92.25
1493,1493,38.75,-91.75
1494,1494,38.75,-91.25
1495,1495,38.75,-90.75
1496,1496,38.75,-90.25
1497,1497,38.75,-89.75
1498,1498,38.75,-89.25
1499,1499,38.75,-88.75
1500,1500,38.75,-88.25
1501,1501,38.75,-87.75
1502,1502,38.75,-87.25
1503,1503,38.75,-86.75
1504,1504,38.75,-86.25
1505,1505,38.75,-85.75
1506,1506,38.75,-85.25
1507,1507,38.75,-84.75
1508,1508,38.75,-84.25
1509,1509,38.75,-83.75
1510,1510,38.75,-83.25
1511,1511,38.75,-82.75
1512,1512,38.75,-82.25
1513,1513,38.75,-81.75
1514,1514,38.75,-81.25
1515,1515,38.75,-80.75
1516,1516,38.75,-80.25
1517,1517,38.75,-79.75
1518,1518,38.75,-79.25
1519,1519,38.75,-78.75
1520,1520,38.75,-78.25
1521,1521,38.75,-77.75
1522,1522,38.75,-77.25
1523,1523,38.75,-76.75
1524,1524,38.75,-76.25
1525,1525,38.75,-75.75
1526,1526,39.25,-123.75
1527,1527,39.25,-123.25
1528,1528,39.25,-122.75
1529,1529,39.25,-122.25
1530,1530,39.25,-121.75
1531,1531,39.25,-121.25
1532,1532,39.25,-120.75
1533,1533,39.25,-120.25
1534,1534,39.25,-119.75
1535,1535,39.25,-119.25
1536,1536,39.25,-118.75
1537,1537,39.25,-118.25
1538,1538,39.25,-117.75
1539,1539,39.25,-117.25
1540,1540,39.25,-116.75
1541,1541,39.25,-116.25
1542,1542,39.25,-115.75
1543,1543,39.25,-115.25
1544,1544,39.25,-114.75
1545,1545,39.25,-114.25
1546,1546,39.25,-113.75
1547,1547,39.25,-113.25
1548,1548,39.25,-112.75
1549,1549,39.25,-112.25
1550,1550,39.25,-111.75
1551,1551,39.25,-111.25
1552,1552,39.25,-110.75
1553,1553,39.25,-110.25
1554,1554,39.25,-109.75
1555,1555,39.25,-109.25
1556,1556,39.25,-108.75
1557,1557,39.25,-108.25
1558,1558,39.25,-107.75
1559,1559,39.25,-107.25
1560,1560,39.25,-106.75
1561,1561,39.25,-106.25
1562,1562,39.25,-105.75
1563,1563,39.25,-105.25
1564,1564,39.25,-104.75
1565,1565,39.25,-104.25
1566,1566,39.25,-103.75
1567,1567,39.25,-103.25
1568,1568,39.25,-102.75
1569,1569,39.25,-102.25
1570,1570,39.25,-101.75
1571,1571,39.25,-101.25
1572,1572,39.25,-100.75
1573,1573,39.25,-100.25
1574,1574,39.25,-99.75
1575,1575,39.25,-99.25
1576,1576,39.25,-98.75
1577,1577,39.25,-98.25
1578,1578,39.25,-97.75
1579,1579,39.25,-97.25
1580,1580,39.25,-96.75
1581,1581,39.25,-96.25
1582,1582,39.25,-95.75
1583,1583,39.25,-95.25
1584,1584,39.25,-94.75
1585,1585,39.25,-94.25
1586,1586,39.25,-93.75
1587,1587,39.25,-93.25
1588,1588,39.25,-92.75
1589,1589,39.25,-92.25
1590,1590,39.25,-91.75
1591,1591,39.25,-91.25
1592,1592,39.25,-90.75
1593,1593,39.25,-90.25
1594,1594,39.25,-89.75
1595,1595,39.25,-89.25
1596,1596,39.25,-88.75
1597,1597,39.25,-88.25
1598,1598,39.25,-87.75
1599,1599,39.25,-87.25
1600,1600,39.25,-86.75
1601,1601,39.25,-86.25
1602,1602,39.25,-85.75
1603,1603,39.25,-85.25
1604,1604,39.25,-84.75
1605,1605,39.25,-84.25
1606,1606,39.25,-83.75
1607,1607,39.25,-83.25
1608,1608,39.25,-82.75
1609,1609,39.25,-82.25
1610,1610,39.25,-81.75
1611,1611,39.25,-81.25
1612,1612,39.25,-80.75
1613,1613,39.25,-80.25
1614,1614,39.25,-79.75
1615,1615,39.25,-79.25
1616,1616,39.25,-78.75
1617,1617,39.25,-78.25
1618,1618,39.25,-77.75
1619,1619,39.25,-77.25
1620,1620,39.25,-76.75
1621,1621,39.25,-76.25
1622,1622,39.25,-75.75
1623,1623,39.25,-75.25
1624,1624,39.75,-123.75
1625,1625,39.75,-123.25
1626,1626,39.75,-122.75
1627,1627,39.75,-122.25
1628,1628,39.75,-121.75
1629,1629,39.75,-121.25
1630,1630,39.75,-120.75
1631,1631,39.75,-120.25
1632,1632,39.75,-119.75
1633,1633,39.75,-119.25
1634,1634,39.75,-118.75
1635,1635,39.75,-118.25
1636,1636,39.75,-117.75
1637,1637,39.75,-117.25
1638,1638,39.75,-116.75
1639,1639,39.75,-116.25
1640,1640,39.75,-115.75
1641,1641,39.75,-115.25
1642,1642,39.75,-114.75
1643,1643,39.75,-114.25
1644,1644,39.75,-113.75
1645,1645,39.75,-113.25
1646,1646,39.75,-112.75
1647,1647,39.75,-112.25
1648,1648,39.75,-111.75
1649,1649,39.75,-111.25
1650,1650,39.75,-110.75
1651,1651,39.75,-110.25
1652,1652,39.75,-109.75
1653,1653,39.75,-109.25
1654,1654,39.75,-108.75
1655,1655,39.75,-108.25
1656,1656,39.75,-107.75
1657,1657,39.75,-107.25
1658,1658,39.75,-106.75
1659,1659,39.75,-106.25
1660,1660,39.75,-105.75
1661,1661,39.75,-105.25
1662,1662,39.75,-104.75
1663,1663,39.75,-104.25
1664,1664,39.75,-103.75
1665,1665,39.75,-103.25
1666,1666,39.75,-102.75
1667,1667,39.75,-102.25
1668,1668,39.75,-101.75
1669,1669,39.75,-101.25
1670,1670,39.75,-100.75
1671,1671,39.75,-100.25
1672,1672,39.75,-99.75
1673,1673,39.75,-99.25
1674,1674,39.75,-98.75
1675,1675,39.75,-98.25
1676,1676,39.75,-97.75
1677,1677,39.75,-97.25
1678,1678,39.75,-96.75
1679,1679,39.75,-96.25
1680,1680,39.75,-95.75
1681,1681,39.75,-95.25
1682,1682,39.75,-94.75
1683,1683,39.75,-94.25
1684,1684,39.75,-93.75
1685,1685,39.75,-93.25
1686,1686,39.75,-92.75
1687,1687,39.75,-92.25
1688,1688,39.75,-91.75
1689,1689,39.75,-91.25
1690,1690,39.75,-90.75
1691,1691,39.75,-90.25
1692,1692,39.75,-89.75
1693,1693,39.75,-89.25
1694,1694,39.75,-88.75
1695,1695,39.75,-88.25
1696,1696,39.75,-87.75
1697,1697,39.75,-87.25
1698,1698,39.75,-86.75
1699,1699,39.75,-86.25
1700,1700,39.75,-85.75
1701,1701,39.75,-85.25
1702,1702,39.75,-84.75
1703,1703,39.75,-84.25
1704,1704,39.75,-83.75
1705,1705,39.75,-83.25
1706,1706,39.75,-82.75
1707,1707,39.75,-82.25
1708,1708,39.75,-81.75
1709,1709,39.75,-81.25
1710,1710,39.75,-80.75
1711,1711,39.75,-80.25
1712,1712,39.75,-79.75
1713,1713,39.75,-79.25
1714,1714,39.75,-78.75
1715,1715,39.75,-78.25
1716,1716,39.75,-77.75
1717,1717,39.75,-77.25
1718,1718,39.75,-76.75
1719,1719,39.75,-76.25
1720,1720,39.75,-75.75
1721,1721,39.75,-75.25
1722,1722,39.75,-74.75
1723,1723,39.75,-74.25
1724,1724,40.25,-124.25
1725,1725,40.25,-123.75
1726,1726,40.25,-123.25
1727,1727,40.25,-122.75
1728,1728,40.25,-122.25
1729,1729,40.25,-121.75
1730,1730,40.25,-121.25
1731,1731,40.25,-120.75
1732,1732,40.25,-120.25
1733,1733,40.25,-119.75
1734,1734,40.25,-119.25
1735,1735,40.25,-118.75
1736,1736,40.25,-118.25
1737,1737,40.25,-117.75
1738,1738,40.25,-117.25
1739,1739,40.25,-116.75
1740,1740,40.25,-116.25
1741,1741,40.25,-115.75
1742,1742,40.25,-115.25
1743,1743,40.25,-114.75
1744,1744,40.25,-114.25
1745,1745,40.25,-113.75
1746,1746,40.25,-113.25
1747,1747,40.25,-112.75
1748,1748,40.25,-112.25
1749,1749,40.25,-111.75
1750,1750,40.25,-111.25
1751,1751,40.25,-110.75
1752,1752,40.25,-110.25
1753,1753,40.25,-109.75
1754,1754,40.25,-109.25
1755,1755,40.25,-108.75
1756,1756,40.25,-108.25
1757,1757,40.25,-107.75
1758,1758,40.25,-107.25
1759,1759,40.25,-106.75
1760,1760,40.25,-106.25
1761,1761,40.25,-105.75
1762,1762,40.25,-105.25
1763,1763,40.25,-104.75
1764,1764,40.25,-104.25
1765,1765,40.25,-103.75
1766,1766,40.25,-103.25
1767,1767,40.25,-102.75
1768,1768,40.25,-102.25
1769,1769,40.25,-101.75
1770,1770,40.25,-101.25
1771,1771,40.25,-100.75
1772,1772,40.25,-100.25
1773,1773,40.25,-99.75
1774,1774,40.25,-99.25
1775,1775,40.25,-98.75
1776,1776,40.25,-98.25
1777,1777,40.25,-97.75
1778,1778,40.25,-97.25
1779,1779,40.25,-96.75
1780,1780,40.25,-96.25
1781,1781,40.25,-95.75
1782,1782,40.25,-95.25
1783,1783,40.25,-94.75
1784,1784,40.25,-94.25
1785,1785,40.25,-93.75
1786,1786,40.25,-93.25
1787,1787,40.25,-92.75
1788,1788,40.25,-92.25
1789,1789,40.25,-91.75
1790,1790,40.25,-91.25
1791,1791,40.25,-90.75
1792,1792,40.25,-90.25
1793,1793,40.25,-89.75
1794,1794,40.25,-89.25
1795,1795,40.25,-88.75
1796,1796,40.25,-88.25
1797,1797,40.25,-87.75
1798,1798,40.25,-87.25
1799,1799,40.25,-86.75
1800,1800,40.25,-86.25
1801,1801,40.25,-85.75
1802,1802,40.25,-85.25
1803,1803,40.25,-84.75
1804,1804,40.25,-84.25
1805,1805,40.25,-83.75
1806,1806,40.25,-83.25
1807,1807,40.25,-82.75
1808,1808,40.25,-82.25
1809,1809,40.25,-81.75
1810,1810,40.25,-81.25
1811,1811,40.25,-80.75
1812,1812,40.25,-80.25
1813,1813,40.25,-79.75
1814,1814,40.25,-79.25
1815,1815,40.25,-78.75
1816,1816,40.25,-78.25
1817,1817,40.25,-77.75
1818,1818,40.25,-77.25
1819,1819,40.25,-76.75
1820,1820,40.25,-76.25
1821,1821,40.25,-75.75
1822,1822,40.25,-75.25
1823,1823,40.25,-74.75
1824,1824,40.25,-74.25
1825,1825,40.75,-123.75
1826,1826,40.75,-123.25
1827,1827,40.75,-122.75
1828,1828,40.75,-122.25
1829,1829,40.75,-121.75
1830,1830,40.75,-121.25
1831,1831,40.75,-120.75
1832,1832,40.75,-120.25
1833,1833,40.75,-119.75
1834,1834,40.75,-119.25
1835,1835,40.75,-118.75
1836,1836,40.75,-118.25
1837,1837,40.75,-117.75
1838,1838,40.75,-117.25
1839,1839,40.75,-116.75
1840,1840,40.75,-116.25
1841,1841,40.75,-115.75
1842,1842,40.75,-115.25
1843,1843,40.75,-114.75
1844,1844,40.75,-114.25
1845,1845,40.75,-113.75
1846,1846,40.75,-113.25
1847,1847,40.75,-112.75
1848,1848,40.75,-112.25
1849,1849,40.75,-111.75
1850,1850,40.75,-111.25
1851,1851,40.75,-110.75
1852,1852,40.75,-110.25
1853,1853,40.75,-109.75
1854,1854,40.75,-109.25
1855,1855,40.75,-108.75
1856,1856,40.75,-108.25
1857,1857,40.75,-107.75
1858,1858,40.75,-107.25
1859,1859,40.75,-106.75
1860,1860,40.75,-106.25
1861,1861,40.75,-105.75
1862,1862,40.75,-105.25
1863,1863,40.75,-104.75
1864,1864,40.75,-104.25
1865,1865,40.75,-103.75
1866,1866,40.75,-103.25
1867,1867,40.75,-102.75
1868,1868,40.75,-102.25
1869,1869,40.75,-101.75
1870,1870,40.75,-101.25
1871,1871,40.75,-100.75
1872,1872,40.75,-100.25
1873,1873,40.75,-99.75
1874,1874,40.75,-99.25
1875,1875,40.75,-98.75
1876,1876,40.75,-98.25
1877,1877,40.75,-97.75
1878,1878,40.75,-97.25
1879,1879,40.75,-96.75
1880,1880,40.75,-96.25
1881,1881,40.75,-95.75
1882,1882,40.75,-95.25
1883,1883,40.75,-94.75
1884,1884,40.75,-94.25
1885,1885,40.75,-93.75
1886,1886,40.75,-93.25
1887,1887,40.75,-92.75
1888,1888,40.75,-92.25
1889,1889,40.75,-91.75
1890,1890,40.75,-91.25
1891,1891,40.75,-90.75
1892,1892,40.75,-90.25
1893,1893,40.75,-89.75
1894,1894,40.75,-89.25
1895,1895,40.75,-88.75
1896,1896,40.75,-88.25
1897,1897,40.75,-87.75
1898,1898,40.75,-87.25
1899,1899,40.75,-86.75
1900,1900,40.75,-86.25
1901,1901,40.75,-85.75
1902,1902,40.75,-85.25
1903,1903,40.75,-84.75
1904,1904,40.75,-84.25
1905,1905,40.75,-83.75
1906,1906,40.75,-83.25
1907,1907,40.75,-82.75
1908,1908,40.75,-82.25
1909,1909,40.75,-81.75
1910,1910,40.75,-81.25
1911,1911,40.75,-80.75
1912,1912,40.75,-80.25
1913,1913,40.75,-79.75
1914,1914,40.75,-79.25
1915,1915,40.75,-78.75
1916,1916,40.75,-78.25
1917,1917,40.75,-77.75
1918,1918,40.75,-77.25
1919,1919,40.75,-76.75
1920,1920,40.75,-76.25
1921,1921,40.75,-75.75
1922,1922,40.75,-75.25
1923,1923,40.75,-74.75
1924,1924,40.75,-74.25
1925,1925,41.25,-123.75
1926,1926,41.25,-123.25
1927,1927,41.25,-122.75
1928,1928,41.25,-122.25
1929,1929,41.25,-121.75
1930,1930,41.25,-121.25
1931,1931,41.25,-120.75
1932,1932,41.25,-120.25
1933,1933,41.25,-119.75
1934,1934,41.25,-119.25
1935,1935,41.25,-118.75
1936,1936,41.25,-118.25
1937,1937,41.25,-117.75
1938,1938,41.25,-117.25
1939,1939,41.25,-116.75
1940,1940,41.25,-116.25
1941,1941,41.25,-115.75
1942,1942,41.25,-115.25
1943,1943,41.25,-114.75
1944,1944,41.25,-114.25
1945,1945,41.25,-113.75
1946,1946,41.25,-113.25
1947,1947,41.25,-111.75
1948,1948,41.25,-111.25
1949,1949,41.25,-110.75
1950,1950,41.25,-110.25
1951,1951,41.25,-109.75
1952,1952,41.25,-109.25
1953,1953,41.25,-108.75
1954,1954,41.25,-108.25
1955,1955,41.25,-107.75
1956,1956,41.25,-107.25
1957,1957,41.25,-106.75
1958,1958,41.25,-106.25
1959,1959,41.25,-105.75
1960,1960,41.25,-105.25
1961,1961,41.25,-104.75
1962,1962,41.25,-104.25
1963,1963,41.25,-103.75
1964,1964,41.25,-103.25
1965,1965,41.25,-102.75
1966,1966,41.25,-102.25
1967,1967,41.25,-101.75
1968,1968,41.25,-101.25
1969,1969,41.25,-100.75
1970,1970,41.25,-100.25
1971,1971,41.25,-99.75
1972,1972,41.25,-99.25
1973,1973,41.25,-98.75
1974,1974,41.25,-98.25
1975,1975,41.25,-97.75
1976,1976,41.25,-97.25
1977,1977,41.25,-96.75
1978,1978,41.25,-96.25
1979,1979,41.25,-95.75
1980,1980,41.25,-95.25
1981,1981,41.25,-94.75
1982,1982,41.25,-94.25
1983,1983,41.25,-93.75
1984,1984,41.25,-93.25
1985,1985,41.25,-92.75
1986,1986,41.25,-92.25
1987,1987,41.25,-91.75
1988,1988,41.25,-91.25
1989,1989,41.25,-90.75
1990,1990,41.25,-90.25
1991,1991,41.25,-89.75
1992,1992,41.25,-89.25
1993,1993,41.25,-88.75
1994,1994,41.25,-88.25
1995,1995,41.25,-87.75
1996,1996,41.25,-87.25
1997,1997,41.25,-86.75
1998,1998,41.25,-86.25
1999,1999,41.25,-85.75
2000,2000,41.25,-85.25
2001,2001,41.25,-84.75
2002,2002,41.25,-84.25
2003,2003,41.25,-83.75
2004,2004,41.25,-83.25
2005,2005,41.25,-82.75
2006,2006,41.25,-82.25
2007,2007,41.25,-81.75
2008,2008,41.25,-81.25
2009,2009,41.25,-80.75
2010,2010,41.25,-80.25
2011,2011,41.25,-79.75
2012,2012,41.25,-79.25
2013,2013,41.25,-78.75
2014,2014,41.25,-78.25
2015,2015,41.25,-77.75
2016,2016,41.25,-77.25
2017,2017,41.25,-76.75
2018,2018,41.25,-76.25
2019,2019,41.25,-75.75
2020,2020,41.25,-75.25
2021,2021,41.25,-74.75
2022,2022,41.25,-74.25
2023,2023,41.25,-73.75
2024,2024,41.25,-73.25
2025,2025,41.75,-123.75
2026,2026,41.75,-123.25
2027,2027,41.75,-122.75
2028,2028,41.75,-122.25
2029,2029,41.75,-121.75
2030,2030,41.75,-121.25
2031,2031,41.75,-120.75
2032,2032,41.75,-120.25
2033,2033,41.75,-119.75
2034,2034,41.75,-119.25
2035,2035,41.75,-118.75
2036,2036,41.75,-118.25
2037,2037,41.75,-117.75
2038,2038,41.75,-117.25
2039,2039,41.75,-116.75
2040,2040,41.75,-116.25
2041,2041,41.75,-115.75
2042,2042,41.75,-115.25
2043,2043,41.75,-114.75
2044,2044,41.75,-114.25
2045,2045,41.75,-113.75
2046,2046,41.75,-113.25
2047,2047,41.75,-112.75
2048,2048,41.75,-112.25
2049,2049,41.75,-111.75
2050,2050,41.75,-111.25
2051,2051,41.75,-110.75
2052,2052,41.75,-110.25
2053,2053,41.75,-109.75
2054,2054,41.75,-109.25
2055,2055,41.75,-108.75
2056,2056,41.75,-108.25
2057,2057,41.75,-107.75
2058,2058,41.75,-107.25
2059,2059,41.75,-106.75
2060,2060,41.75,-106.25
2061,2061,41.75,-105.75
2062,2062,41.75,-105.25
2063,2063,41.75,-104.75
2064,2064,41.75,-104.25
2065,2065,41.75,-103.75
2066,2066,41.75,-103.25
2067,2067,41.75,-102.75
2068,2068,41.75,-102.25
2069,2069,41.75,-101.75
2070,2070,41.75,-101.25
2071,2071,41.75,-100.75
2072,2072,41.75,-100.25
2073,2073,41.75,-99.75
2074,2074,41.75,-99.25
2075,2075,41.75,-98.75
2076,2076,41.75,-98.25
2077,2077,41.75,-97.75
2078,2078,41.75,-97.25
2079,2079,41.75,-96.75
2080,2080,41.75,-96.25
2081,2081,41.75,-95.75
2082,2082,41.75,-95.25
2083,2083,41.75,-94.75
2084,2084,41.75,-94.25
2085,2085,41.75,-93.75
2086,2086,41.75,-93.25
2087,2087,41.75,-92.75
2088,2088,41.75,-92.25
2089,2089,41.75,-91.75
2090,2090,41.75,-91.25
2091,2091,41.75,-90.75
2092,2092,41.75,-90.25
2093,2093,41.75,-89.75
2094,2094,41.75,-89.25
2095,2095,41.75,-88.75
2096,2096,41.75,-88.25
2097,2097,41.75,-87.75
2098,2098,41.75,-86.75
2099,2099,41.75,-86.25
2100,2100,41.75,-85.75
2101,2101,41.75,-85.25
2102,2102,41.75,-84.75
2103,2103,41.75,-84.25
2104,2104,41.75,-83.75
2105,2105,41.75,-83.25
2106,2106,41.75,-80.25
2107,2107,41.75,-79.75
2108,2108,41.75,-79.25
2109,2109,41.75,-78.75
2110,2110,41.75,-78.25
2111,2111,41.75,-77.75
2112,2112,41.75,-77.25
2113,2113,41.75,-76.75
2114,2114,41.75,-76.25
2115,2115,41.75,-75.75
2116,2116,41.75,-75.25
2117,2117,41.75,-74.75
2118,2118,41.75,-74.25
2119,2119,41.75,-73.75
2120,2120,41.75,-73.25
2121,2121,41.75,-72.75
2122,2122,41.75,-72.25
2123,2123,41.75,-71.75
2124,2124,41.75,-71.25
2125,2125,42.25,-124.25
2126,2126,42.25,-123.75
2127,2127,42.25,-123.25
2128,2128,42.25,-122.75
2129,2129,42.25,-122.25
2130,2130,42.25,-121.75
2131,2131,42.25,-121.25
2132,2132,42.25,-120.75
2133,2133,42.25,-120.25
2134,2134,42.25,-119.75
2135,2135,42.25,-119.25
2136,2136,42.25,-118.75
2137,2137,42.25,-118.25
2138,2138,42.25,-117.75
2139,2139,42.25,-117.25
2140,2140,42.25,-116.75
2141,2141,42.25,-116.25
2142,2142,42.25,-115.75
2143,2143,42.25,-115.25
2144,2144,42.25,-114.75
2145,2145,42.25,-114.25
2146,2146,42.25,-113.75
2147,2147,42.25,-113.25
2148,2148,42.25,-112.75
2149,2149,42.25,-112.25
2150,2150,42.25,-111.75
2151,2151,42.25,-111.25
2152,2152,42.25,-110.75
2153,2153,42.25,-110.25
2154,2154,42.25,-109.75
2155,2155,42.25,-109.25
2156,2156,42.25,-108.75
2157,2157,42.25,-108.25
2158,2158,42.25,-107.75
2159,2159,42.25,-107.25
2160,2160,42.25,-106.75
2161,2161,42.25,-106.25
2162,2162,42.25,-105.75
2163,2163,42.25,-105.25
2164,2164,42.25,-104.75
2165,2165,42.25,-104.25
2166,2166,42.25,-103.75
2167,2167,42.25,-103.25
2168,2168,42.25,-102.75
2169,2169,42.25,-102.25
2170,2170,42.25,-101.75
2171,2171,42.25,-101.25
2172,2172,42.25,-100.75
2173,2173,42.25,-100.25
2174,2174,42.25,-99.75
2175,2175,42.25,-99.25
2176,2176,42.25,-98.75
2177,2177,42.25,-98.25
2178,2178,42.25,-97.75
2179,2179,42.25,-97.25
2180,2180,42.25,-96.75
2181,2181,42.25,-96.25
2182,2182,42.25,-95.75
2183,2183,42.25,-95.25
2184,2184,42.25,-94.75
2185,2185,42.25,-94.25
2186,2186,42.25,-93.75
2187,2187,42.25,-93.25
2188,2188,42.25,-92.75
2189,2189,42.25,-92.25
2190,2190,42.25,-91.75
2191,2191,42.25,-91.25
2192,2192,42.25,-90.75
2193,2193,42.25,-90.25
2194,2194,42.25,-89.75
2195,2195,42.25,-89.25
2196,2196,42.25,-88.75
2197,2197,42.25,-88.25
2198,2198,42.25,-86.25
2199,2199,42.25,-85.75
2200,2200,42.25,-85.25
2201,2201,42.25,-84.75
2202,2202,42.25,-84.25
2203,2203,42.25,-83.75
2204,2204,42.25,-83.25
2205,2205,42.25,-79.25
2206,2206,42.25,-78.75
2207,2207,42.25,-78.25
2208,2208,42.25,-77.75
2209,2209,42.25,-77.25
2210,2210,42.25,-76.75
2211,2211,42.25,-76.25
2212,2212,42.25,-75.75
2213,2213,42.25,-75.25
2214,2214,42.25,-74.75
2215,2215,42.25,-74.25
2216,2216,42.25,-73.75
2217,2217,42.25,-73.25
2218,2218,42.25,-72.75
2219,2219,42.25,-72.25
2220,2220,42.25,-71.75
2221,2221,42.25,-71.25
2222,2222,42.75,-124.25
2223,2223,42.75,-123.75
2224,2224,42.75,-123.25
2225,2225,42.75,-122.75
2226,2226,42.75,-122.25
2227,2227,42.75,-121.75
2228,2228,42.75,-121.25
2229,2229,42.75,-120.75
2230,2230,42.75,-120.25
2231,2231,42.75,-119.75
2232,2232,42.75,-119.25
2233,2233,42.75,-118.75
2234,2234,42.75,-118.25
2235,2235,42.75,-117.75
2236,2236,42.75,-117.25
2237,2237,42.75,-116.75
2238,2238,42.75,-116.25
2239,2239,42.75,-115.75
2240,2240,42.75,-115.25
2241,2241,42.75,-114.75
2242,2242,42.75,-114.25
2243,2243,42.75,-113.75
2244,2244,42.75,-113.25
2245,2245,42.75,-112.75
2246,2246,42.75,-112.25
2247,2247,42.75,-111.75
2248,2248,42.75,-111.25
2249,2249,42.75,-110.75
2250,2250,42.75,-110.25
2251,2251,42.75,-109.75
2252,2252,42.75,-109.25
2253,2253,42.75,-108.75
2254,2254,42.75,-108.25
2255,2255,42.75,-107.75
2256,2256,42.75,-107.25
2257,2257,42.75,-106.75
2258,2258,42.75,-106.25
2259,2259,42.75,-105.75
2260,2260,42.75,-105.25
2261,2261,42.75,-104.75
2262,2262,42.75,-104.25
2263,2263,42.75,-103.75
2264,2264,42.75,-103.25
2265,2265,42.75,-102.75
2266,2266,42.75,-102.25
2267,2267,42.75,-101.75
2268,2268,42.75,-101.25
2269,2269,42.75,-100.75
2270,2270,42.75,-100.25
2271,2271,42.75,-99.75
2272,2272,42.75,-99.25
2273,2273,42.75,-98.75
2274,2274,42.75,-98.25
2275,2275,42.75,-97.75
2276,2276,42.75,-97.25
2277,2277,42.75,-96.75
2278,2278,42.75,-96.25
2279,2279,42.75,-95.75
2280,2280,42.75,-95.25
2281,2281,42.75,-94.75
2282,2282,42.75,-94.25
2283,2283,42.75,-93.75
2284,2284,42.75,-93.25
2285,2285,42.75,-92.75
2286,2286,42.75,-92.25
2287,2287,42.75,-91.75
2288,2288,42.75,-91.25
2289,2289,42.75,-90.75
2290,2290,42.75,-90.25
2291,2291,42.75,-89.75
2292,2292,42.75,-89.25
2293,2293,42.75,-88.75
2294,2294,42.75,-88.25
2295,2295,42.75,-87.75
2296,2296,42.75,-85.75
2297,2297,42.75,-85.25
2298,2298,42.75,-84.75
2299,2299,42.75,-84.25
2300,2300,42.75,-83.75
2301,2301,42.75,-83.25
2302,2302,42.75,-82.75
2303,2303,42.75,-78.75
2304,2304,42.75,-78.25
2305,2305,42.75,-77.75
2306,2306,42.75,-77.25
2307,2307,42.75,-76.75
2308,2308,42.75,-76.25
2309,2309,42.75,-75.75
2310,2310,42.75,-75.25
2311,2311,42.75,-74.75
2312,2312,42.75,-74.25
2313,2313,42.75,-73.75
2314,2314,42.75,-73.25
2315,2315,42.75,-72.75
2316,2316,42.75,-72.25
2317,2317,42.75,-71.75
2318,2318,42.75,-71.25
2319,2319,43.25,-124.25
2320,2320,43.25,-123.75
2321,2321,43.25,-123.25
2322,2322,43.25,-122.75
2323,2323,43.25,-122.25
2324,2324,43.25,-121.75
2325,2325,43.25,-121.25
2326,2326,43.25,-120.75
2327,2327,43.25,-120.25
2328,2328,43.25,-119.75
2329,2329,43.25,-119.25
2330,2330,43.25,-118.75
2331,2331,43.25,-118.25
2332,2332,43.25,-117.75
2333,2333,43.25,-117.25
2334,2334,43.25,-116.75
2335,2335,43.25,-116.25
2336,2336,43.25,-115.75
2337,2337,43.25,-115.25
2338,2338,43.25,-114.75
2339,2339,43.25,-114.25
2340,2340,43.25,-113.75
2341,2341,43.25,-113.25
2342,2342,43.25,-112.75
2343,2343,43.25,-112.25
2344,2344,43.25,-111.75
2345,2345,43.25,-111.25
2346,2346,43.25,-110.75
2347,2347,43.25,-110.25
2348,2348,43.25,-109.75
2349,2349,43.25,-109.25
2350,2350,43.25,-108.75
2351,2351,43.25,-108.25
2352,2352,43.25,-107.75
2353,2353,43.25,-107.25
2354,2354,43.25,-106.75
2355,2355,43.25,-106.25
2356,2356,43.25,-105.75
2357,2357,43.25,-105.25
2358,2358,43.25,-104.75
2359,2359,43.25,-104.25
2360,2360,43.25,-103.75
2361,2361,43.25,-103.25
2362,2362,43.25,-102.75
2363,2363,43.25,-102.25
2364,2364,43.25,-101.75
2365,2365,43.25,-101.25
2366,2366,43.25,-100.75
2367,2367,43.25,-100.25
2368,2368,43.25,-99.75
2369,2369,43.25,-99.25
2370,2370,43.25,-98.75
2371,2371,43.25,-98.25
2372,2372,43.25,-97.75
2373,2373,43.25,-97.25
2374,2374,43.25,-96.75
2375,2375,43.25,-96.25
2376,2376,43.25,-95.75
2377,2377,43.25,-95.25
2378,2378,43.25,-94.75
2379,2379,43.25,-94.25
2380,2380,43.25,-93.75
2381,2381,43.25,-93.25
2382,2382,43.25,-92.75
2383,2383,43.25,-92.25
2384,2384,43.25,-91.75
2385,2385,43.25,-91.25
2386,2386,43.25,-90.75
2387,2387,43.25,-90.25
2388,2388,43.25,-89.75
2389,2389,43.25,-89.25
2390,2390,43.25,-88.75
2391,2391,43.25,-88.25
2392,2392,43.25,-86.25
2393,2393,43.25,-85.75
2394,2394,43.25,-85.25
2395,2395,43.25,-84.75
2396,2396,43.25,-84.25
2397,2397,43.25,-83.75
2398,2398,43.25,-83.25
2399,2399,43.25,-82.75
2400,2400,43.25,-78.25
2401,2401,43.25,-77.25
2402,2402,43.25,-76.75
2403,2403,43.25,-76.25
2404,2404,43.25,-75.75
2405,2405,43.25,-75.25
2406,2406,43.25,-74.75
2407,2407,43.25,-74.25
2408,2408,43.25,-73.75
2409,2409,43.25,-73.25
2410,2410,43.25,-72.75
2411,2411,43.25,-72.25
2412,2412,43.25,-71.75
2413,2413,43.25,-71.25
2414,2414,43.25,-70.75
2415,2415,43.75,-123.75
2416,2416,43.75,-123.25
2417,2417,43.75,-122.75
2418,2418,43.75,-122.25
2419,2419,43.75,-121.75
2420,2420,43.75,-121.25
2421,2421,43.75,-120.75
2422,2422,43.75,-120.25
2423,2423,43.75,-119.75
2424,2424,43.75,-119.25
2425,2425,43.75,-118.75
2426,2426,43.75,-118.25
2427,2427,43.75,-117.75
2428,2428,43.75,-117.25
2429,2429,43.75,-116.75
2430,2430,43.75,-116.25
2431,2431,43.75,-115.75
2432,2432,43.75,-115.25
2433,2433,43.75,-114.75
2434,2434,43.75,-114.25
2435,2435,43.75,-113.75
2436,2436,43.75,-113.25
2437,2437,43.75,-112.75
2438,2438,43.75,-112.25
2439,2439,43.75,-111.75
2440,2440,43.75,-111.25
2441,2441,43.75,-110.75
2442,2442,43.75,-110.25
2443,2443,43.75,-109.75
2444,2444,43.75,-109.25
2445,2445,43.75,-108.75
2446,2446,43.75,-108.25
2447,2447,43.75,-107.75
2448,2448,43.75,-107.25
2449,2449,43.75,-106.75
2450,2450,43.75,-106.25
2451,2451,43.75,-105.75
2452,2452,43.75,-105.25
2453,2453,43.75,-104.75
2454,2454,43.75,-104.25
2455,2455,43.75,-103.75
2456,2456,43.75,-103.25
2457,2457,43.75,-102.75
2458,2458,43.75,-102.25
2459,2459,43.75,-101.75
2460,2460,43.75,-101.25
2461,2461,43.75,-100.75
2462,2462,43.75,-100.25
2463,2463,43.75,-99.75
2464,2464,43.75,-99.25
2465,2465,43.75,-98.75
2466,2466,43.75,-98.25
2467,2467,43.75,-97.75
2468,2468,43.75,-97.25
2469,2469,43.75,-96.75
2470,2470,43.75,-96.25
2471,2471,43.75,-95.75
2472,2472,43.75,-95.25
2473,2473,43.75,-94.75
2474,2474,43.75,-94.25
2475,2475,43.75,-93.75
2476,2476,43.75,-93.25
2477,2477,43.75,-92.75
2478,2478,43.75,-92.25
2479,2479,43.75,-91.75
2480,2480,43.75,-91.25
2481,2481,43.75,-90.75
2482,2482,43.75,-90.25
2483,2483,43.75,-89.75
2484,2484,43.75,-89.25
2485,2485,43.75,-88.75
2486,2486,43.75,-88.25
2487,2487,43.75,-86.25
2488,2488,43.75,-85.75
2489,2489,43.75,-85.25
2490,2490,43.75,-84.75
2491,2491,43.75,-84.25
2492,2492,43.75,-83.75
2493,2493,43.75,-83.25
2494,2494,43.75,-75.75
2495,2495,43.75,-75.25
2496,2496,43.75,-74.75
2497,2497,43.75,-74.25
2498,2498,43.75,-73.75
2499,2499,43.75,-73.25
2500,2500,43.75,-72.75
2501,2501,43.75,-72.25
2502,2502,43.75,-71.75
2503,2503,43.75,-71.25
2504,2504,43.75,-70.75
2505,2505,43.75,-70.25
2506,2506,44.25,-123.75
2507,2507,44.25,-123.25
2508,2508,44.25,-122.75
2509,2509,44.25,-122.25
2510,2510,44.25,-121.75
2511,2511,44.25,-121.25
2512,2512,44.25,-120.75
2513,2513,44.25,-120.25
2514,2514,44.25,-119.75
2515,2515,44.25,-119.25
2516,2516,44.25,-118.75
2517,2517,44.25,-118.25
2518,2518,44.25,-117.75
2519,2519,44.25,-117.25
2520,2520,44.25,-116.75
2521,2521,44.25,-116.25
2522,2522,44.25,-115.75
2523,2523,44.25,-115.25
2524,2524,44.25,-114.75
2525,2525,44.25,-114.25
2526,2526,44.25,-113.75
2527,2527,44.25,-113.25
2528,2528,44.25,-112.75
2529,2529,44.25,-112.25
2530,2530,44.25,-111.75
2531,2531,44.25,-111.25
2532,2532,44.25,-110.75
2533,2533,44.25,-110.25
2534,2534,44.25,-109.75
2535,2535,44.25,-109.25
2536,2536,44.25,-108.75
2537,2537,44.25,-108.25
2538,2538,44.25,-107.75
2539,2539,44.25,-107.25
2540,2540,44.25,-106.75
2541,2541,44.25,-106.25
2542,2542,44.25,-105.75
2543,2543,44.25,-105.25
2544,2544,44.25,-104.75
2545,2545,44.25,-104.25
2546,2546,44.25,-103.75
2547,2547,44.25,-103.25
2548,2548,44.25,-102.75
2549,2549,44.25,-102.25
2550,2550,44.25,-101.75
2551,2551,44.25,-101.25
2552,2552,44.25,-100.75
2553,2553,44.25,-100.25
2554,2554,44.25,-99.75
2555,2555,44.25,-99.25
2556,2556,44.25,-98.75
2557,2557,44.25,-98.25
2558,2558,44.25,-97.75
2559,2559,44.25,-97.25
2560,2560,44.25,-96.75
2561,2561,44.25,-96.25
2562,2562,44.25,-95.75
2563,2563,44.25,-95.25
2564,2564,44.25,-94.75
2565,2565,44.25,-94.25
2566,2566,44.25,-93.75
2567,2567,44.25,-93.25
2568,2568,44.25,-92.75
2569,2569,44.25,-92.25
2570,2570,44.25,-91.75
2571,2571,44.25,-91.25
2572,2572,44.25,-90.75
2573,2573,44.25,-90.25
2574,2574,44.25,-89.75
2575,2575,44.25,-89.25
2576,2576,44.25,-88.75
2577,2577,44.25,-88.25
2578,2578,44.25,-87.75
2579,2579,44.25,-85.75
2580,2580,44.25,-85.25
2581,2581,44.25,-84.75
2582,2582,44.25,-84.25
2583,2583,44.25,-83.75
2584,2584,44.25,-75.75
2585,2585,44.25,-75.25
2586,2586,44.25,-74.75
2587,2587,44.25,-74.25
2588,2588,44.25,-73.75
2589,2589,44.25,-73.25
2590,2590,44.25,-72.75
2591,2591,44.25,-72.25
2592,2592,44.25,-71.75
2593,2593,44.25,-71.25
2594,2594,44.25,-70.75
2595,2595,44.25,-70.25
2596,2596,44.25,-69.75
2597,2597,44.25,-69.25
2598,2598,44.25,-68.25
2599,2599,44.75,-123.75
2600,2600,44.75,-123.25
2601,2601,44.75,-122.75
2602,2602,44.75,-122.25
2603,2603,44.75,-121.75
2604,2604,44.75,-121.25
2605,2605,44.75,-120.75
2606,2606,44.75,-120.25
2607,2607,44.75,-119.75
2608,2608,44.75,-119.25
2609,2609,44.75,-118.75
2610,2610,44.75,-118.25
2611,2611,44.75,-117.75
2612,2612,44.75,-117.25
2613,2613,44.75,-116.75
2614,2614,44.75,-116.25
2615,2615,44.75,-115.75
2616,2616,44.75,-115.25
2617,2617,44.75,-114.75
2618,2618,44.75,-114.25
2619,2619,44.75,-113.75
2620,2620,44.75,-113.25
2621,2621,44.75,-112.75
2622,2622,44.75,-112.25
2623,2623,44.75,-111.75
2624,2624,44.75,-111.25
2625,2625,44.75,-110.75
2626,2626,44.75,-110.25
2627,2627,44.75,-109.75
2628,2628,44.75,-109.25
2629,2629,44.75,-108.75
2630,2630,44.75,-108.25
2631,2631,44.75,-107.75
2632,2632,44.75,-107.25
2633,2633,44.75,-106.75
2634,2634,44.75,-106.25
2635,2635,44.75,-105.75
2636,2636,44.75,-105.25
2637,2637,44.75,-104.75
2638,2638,44.75,-104.25
2639,2639,44.75,-103.75
2640,2640,44.75,-103.25
2641,2641,44.75,-102.75
2642,2642,44.75,-102.25
2643,2643,44.75,-101.75
2644,2644,44.75,-101.25
2645,2645,44.75,-100.75
2646,2646,44.75,-100.25
2647,2647,44.75,-99.75
2648,2648,44.75,-99.25
2649,2649,44.75,-98.75
2650,2650,44.75,-98.25
2651,2651,44.75,-97.75
2652,2652,44.75,-97.25
2653,2653,44.75,-96.75
2654,2654,44.75,-96.25
2655,2655,44.75,-95.75
2656,2656,44.75,-95.25
2657,2657,44.75,-94.75
2658,2658,44.75,-94.25
2659,2659,44.75,-93.75
2660,2660,44.75,-93.25
2661,2661,44.75,-92.75
2662,2662,44.75,-92.25
2663,2663,44.75,-91.75
2664,2664,44.75,-91.25
2665,2665,44.75,-90.75
2666,2666,44.75,-90.25
2667,2667,44.75,-89.75
2668,2668,44.75,-89.25
2669,2669,44.75,-88.75
2670,2670,44.75,-88.25
2671,2671,44.75,-87.75
2672,2672,44.75,-85.25
2673,2673,44.75,-84.75
2674,2674,44.75,-84.25
2675,2675,44.75,-83.75
2676,2676,44.75,-75.25
2677,2677,44.75,-74.75
2678,2678,44.75,-74.25
2679,2679,44.75,-73.75
2680,2680,44.75,-73.25
2681,2681,44.75,-72.75
2682,2682,44.75,-72.25
2683,2683,44.75,-71.75
2684,2684,44.75,-71.25
2685,2685,44.75,-70.75
2686,2686,44.75,-70.25
2687,2687,44.75,-69.75
2688,2688,44.75,-69.25
2689,2689,44.75,-68.75
2690,2690,44.75,-68.25
2691,2691,44.75,-67.75
2692,2692,45.25,-123.75
2693,2693,45.25,-123.25
2694,2694,45.25,-122.75
2695,2695,45.25,-122.25
2696,2696,45.25,-121.75
2697,2697,45.25,-121.25
2698,2698,45.25,-120.75
2699,2699,45.25,-120.25
2700,2700,45.25,-119.75
2701,2701,45.25,-119.25
2702,2702,45.25,-118.75
2703,2703,45.25,-118.25
2704,2704,45.25,-117.75
2705,2705,45.25,-117.25
2706,2706,45.25,-116.75
2707,2707,45.25,-116.25
2708,2708,45.25,-115.75
2709,2709,45.25,-115.25
2710,2710,45.25,-114.75
2711,2711,45.25,-114.25
2712,2712,45.25,-113.75
2713,2713,45.25,-113.25
2714,2714,45.25,-112.75
2715,2715,45.25,-112.25
2716,2716,45.25,-111.75
2717,2717,45.25,-111.25
2718,2718,45.25,-110.75
2719,2719,45.25,-110.25
2720,2720,45.25,-109.75
2721,2721,45.25,-109.25
2722,2722,45.25,-108.75
2723,2723,45.25,-108.25
2724,2724,45.25,-107.75
2725,2725,45.25,-107.25
2726,2726,45.25,-106.75
2727,2727,45.25,-106.25
2728,2728,45.25,-105.75
2729,2729,45.25,-105.25
2730,2730,45.25,-104.75
2731,2731,45.25,-104.25
2732,2732,45.25,-103.75
2733,2733,45.25,-103.25
2734,2734,45.25,-102.75
2735,2735,45.25,-102.25
2736,2736,45.25,-101.75
2737,2737,45.25,-101.25
2738,2738,45.25,-100.75
2739,2739,45.25,-100.25
2740,2740,45.25,-99.75
2741,2741,45.25,-99.25
2742,2742,45.25,-98.75
2743,2743,45.25,-98.25
2744,2744,45.25,-97.75
2745,2745,45.25,-97.25
2746,2746,45.25,-96.75
2747,2747,45.25,-96.25
2748,2748,45.25,-95.75
2749,2749,45.25,-95.25
2750,2750,45.25,-94.75
2751,2751,45.25,-94.25
2752,2752,45.25,-93.75
2753,2753,45.25,-93.25
2754,2754,45.25,-92.75
2755,2755,45.25,-92.25
2756,2756,45.25,-91.75
2757,2757,45.25,-91.25
2758,2758,45.25,-90.75
2759,2759,45.25,-90.25
2760,2760,45.25,-89.75
2761,2761,45.25,-89.25
2762,2762,45.25,-88.75
2763,2763,45.25,-88.25
2764,2764,45.25,-87.75
2765,2765,45.25,-85.25
2766,2766,45.25,-84.75
2767,2767,45.25,-84.25
2768,2768,45.25,-71.25
2769,2769,45.25,-70.75
2770,2770,45.25,-70.25
2771,2771,45.25,-69.75
2772,2772,45.25,-69.25
2773,2773,45.25,-68.75
2774,2774,45.25,-68.25
2775,2775,45.25,-67.75
2776,2776,45.25,-67.25
2777,2777,45.75,-123.75
2778,2778,45.75,-123.25
2779,2779,45.75,-122.75
2780,2780,45.75,-122.25
2781,2781,45.75,-121.75
2782,2782,45.75,-121.25
2783,2783,45.75,-120.75
2784,2784,45.75,-120.25
2785,2785,45.75,-119.75
2786,2786,45.75,-119.25
2787,2787,45.75,-118.75
2788,2788,45.75,-118.25
2789,2789,45.75,-117.75
2790,2790,45.75,-117.25
2791,2791,45.75,-116.75
2792,2792,45.75,-116.25
2793,2793,45.75,-115.75
2794,2794,45.75,-115.25
2795,2795,45.75,-114.75
2796,2796,45.75,-114.25
2797,2797,45.75,-113.75
2798,2798,45.75,-113.25
2799,2799,45.75,-112.75
2800,2800,45.75,-112.25
2801,2801,45.75,-111.75
2802,2802,45.75,-111.25
2803,2803,45.75,-110.75
2804,2804,45.75,-110.25
2805,2805,45.75,-109.75
2806,2806,45.75,-109.25
2807,2807,45.75,-108.75
2808,2808,45.75,-108.25
2809,2809,45.75,-107.75
2810,2810,45.75,-107.25
2811,2811,45.75,-106.75
2812,2812,45.75,-106.25
2813,2813,45.75,-105.75
2814,2814,45.75,-105.25
2815,2815,45.75,-104.75
2816,2816,45.75,-104.25
2817,2817,45.75,-103.75
2818,2818,45.75,-103.25
2819,2819,45.75,-102.75
2820,2820,45.75,-102.25
2821,2821,45.75,-101.75
2822,2822,45.75,-101.25
2823,2823,45.75,-100.75
2824,2824,45.75,-100.25
2825,2825,45.75,-99.75
2826,2826,45.75,-99.25
2827,2827,45.75,-98.75
2828,2828,45.75,-98.25
2829,2829,45.75,-97.75
2830,2830,45.75,-97.25
2831,2831,45.75,-96.75
2832,2832,45.75,-96.25
2833,2833,45.75,-95.75
2834,2834,45.75,-95.25
2835,2835,45.75,-94.75
2836,2836,45.75,-94.25
2837,2837,45.75,-93.75
2838,2838,45.75,-93.25
2839,2839,45.75,-92.75
2840,2840,45.75,-92.25
2841,2841,45.75,-91.75
2842,2842,45.75,-91.25
2843,2843,45.75,-90.75
2844,2844,45.75,-90.25
2845,2845,45.75,-89.75
2846,2846,45.75,-89.25
2847,2847,45.75,-88.75
2848,2848,45.75,-88.25
2849,2849,45.75,-87.75
2850,2850,45.75,-87.25
2851,2851,45.75,-70.25
2852,2852,45.75,-69.75
2853,2853,45.75,-69.25
2854,2854,45.75,-68.75
2855,2855,45.75,-68.25
2856,2856,45.75,-67.75
2857,2857,46.25,-123.75
2858,2858,46.25,-123.25
2859,2859,46.25,-122.75
2860,2860,46.25,-122.25
2861,2861,46.25,-121.75
2862,2862,46.25,-121.25
2863,2863,46.25,-120.75
2864,2864,46.25,-120.25
2865,2865,46.25,-119.75
2866,2866,46.25,-119.25
2867,2867,46.25,-118.75
2868,2868,46.25,-118.25
2869,2869,46.25,-117.75
2870,2870,46.25,-117.25
2871,2871,46.25,-116.75
2872,2872,46.25,-116.25
2873,2873,46.25,-115.75
2874,2874,46.25,-115.25
2875,2875,46.25,-114.75
2876,2876,46.25,-114.25
2877,2877,46.25,-113.75
2878,2878,46.25,-113.25
2879,2879,46.25,-112.75
2880,2880,46.25,-112.25
2881,2881,46.25,-111.75
2882,2882,46.25,-111.25
2883,2883,46.25,-110.75
2884,2884,46.25,-110.25
2885,2885,46.25,-109.75
2886,2886,46.25,-109.25
2887,2887,46.25,-108.75
2888,2888,46.25,-108.25
2889,2889,46.25,-107.75
2890,2890,46.25,-107.25
2891,2891,46.25,-106.75
2892,2892,46.25,-106.25
2893,2893,46.25,-105.75
2894,2894,46.25,-105.25
2895,2895,46.25,-104.75
2896,2896,46.25,-104.25
2897,2897,46.25,-103.75
2898,2898,46.25,-103.25
2899,2899,46.25,-102.75
2900,2900,46.25,-102.25
2901,2901,46.25,-101.75
2902,2902,46.25,-101.25
2903,2903,46.25,-100.75
2904,2904,46.25,-100.25
2905,2905,46.25,-99.75
2906,2906,46.25,-99.25
2907,2907,46.25,-98.75
2908,2908,46.25,-98.25
2909,2909,46.25,-97.75
2910,2910,46.25,-97.25
2911,2911,46.25,-96.75
2912,2912,46.25,-96.25
2913,2913,46.25,-95.75
2914,2914,46.25,-95.25
2915,2915,46.25,-94.75
2916,2916,46.25,-94.25
2917,2917,46.25,-93.75
2918,2918,46.25,-93.25
2919,2919,46.25,-92.75
2920,2920,46.25,-92.25
2921,2921,46.25,-91.75
2922,2922,46.25,-91.25
2923,2923,46.25,-90.75
2924,2924,46.25,-90.25
2925,2925,46.25,-89.75
2926,2926,46.25,-89.25
2927,2927,46.25,-88.75
2928,2928,46.25,-88.25
2929,2929,46.25,-87.75
2930,2930,46.25,-87.25
2931,2931,46.25,-86.75
2932,2932,46.25,-86.25
2933,2933,46.25,-85.75
2934,2934,46.25,-85.25
2935,2935,46.25,-84.75
2936,2936,46.25,-84.25
2937,2937,46.25,-70.25
2938,2938,46.25,-69.75
2939,2939,46.25,-69.25
2940,2940,46.25,-68.75
2941,2941,46.25,-68.25
2942,2942,46.25,-67.75
2943,2943,46.75,-123.75
2944,2944,46.75,-123.25
2945,2945,46.75,-122.75
2946,2946,46.75,-122.25
2947,2947,46.75,-121.75
2948,2948,46.75,-121.25
2949,2949,46.75,-120.75
2950,2950,46.75,-120.25
2951,2951,46.75,-119.75
2952,2952,46.75,-119.25
2953,2953,46.75,-118.75
2954,2954,46.75,-118.25
2955,2955,46.75,-117.75
2956,2956,46.75,-117.25
2957,2957,46.75,-116.75
2958,2958,46.75,-116.25
2959,2959,46.75,-115.75
2960,2960,46.75,-115.25
2961,2961,46.75,-114.75
2962,2962,46.75,-114.25
2963,2963,46.75,-113.75
2964,2964,46.75,-113.25
2965,2965,46.75,-112.75
2966,2966,46.75,-112.25
2967,2967,46.75,-111.75
2968,2968,46.75,-111.25
2969,2969,46.75,-110.75
2970,2970,46.75,-110.25
2971,2971,46.75,-109.75
2972,2972,46.75,-109.25
2973,2973,46.75,-108.75
2974,2974,46.75,-108.25
2975,2975,46.75,-107.75
2976,2976,46.75,-107.25
2977,2977,46.75,-106.75
2978,2978,46.75,-106.25
2979,2979,46.75,-105.75
2980,2980,46.75,-105.25
2981,2981,46.75,-104.75
2982,2982,46.75,-104.25
2983,2983,46.75,-103.75
2984,2984,46.75,-103.25
2985,2985,46.75,-102.75
2986,2986,46.75,-102.25
2987,2987,46.75,-101.75
2988,2988,46.75,-101.25
2989,2989,46.75,-100.75
2990,2990,46.75,-100.25
2991,2991,46.75,-99.75
2992,2992,46.75,-99.25
2993,2993,46.75,-98.75
2994,2994,46.75,-98.25
2995,2995,46.75,-97.75
2996,2996,46.75,-97.25
2997,2997,46.75,-96.75
2998,2998,46.75,-96.25
2999,2999,46.75,-95.75
3000,3000,46.75,-95.25
3001,3001,46.75,-94.75
3002,3002,46.75,-94.25
3003,3003,46.75,-93.75
3004,3004,46.75,-93.25
3005,3005,46.75,-92.75
3006,3006,46.75,-92.25
3007,3007,46.75,-91.75
3008,3008,46.75,-88.75
3009,3009,46.75,-88.25
3010,3010,46.75,-69.75
3011,3011,46.75,-69.25
3012,3012,46.75,-68.75
3013,3013,46.75,-68.25
3014,3014,46.75,-67.75
3015,3015,47.25,-123.75
3016,3016,47.25,-123.25
3017,3017,47.25,-122.75
3018,3018,47.25,-122.25
3019,3019,47.25,-121.75
3020,3020,47.25,-121.25
3021,3021,47.25,-120.75
3022,3022,47.25,-120.25
3023,3023,47.25,-119.75
3024,3024,47.25,-119.25
3025,3025,47.25,-118.75
3026,3026,47.25,-118.25
3027,3027,47.25,-117.75
3028,3028,47.25,-117.25
3029,3029,47.25,-116.75
3030,3030,47.25,-116.25
3031,3031,47.25,-115.75
3032,3032,47.25,-115.25
3033,3033,47.25,-114.75
3034,3034,47.25,-114.25
3035,3035,47.25,-113.75
3036,3036,47.25,-113.25
3037,3037,47.25,-112.75
3038,3038,47.25,-112.25
3039,3039,47.25,-111.75
3040,3040,47.25,-111.25
3041,3041,47.25,-110.75
3042,3042,47.25,-110.25
3043,3043,47.25,-109.75
3044,3044,47.25,-109.25
3045,3045,47.25,-108.75
3046,3046,47.25,-108.25
3047,3047,47.25,-107.75
3048,3048,47.25,-107.25
3049,3049,47.25,-106.75
3050,3050,47.25,-106.25
3051,3051,47.25,-105.75
3052,3052,47.25,-105.25
3053,3053,47.25,-104.75
3054,3054,47.25,-104.25
3055,3055,47.25,-103.75
3056,3056,47.25,-103.25
3057,3057,47.25,-102.75
3058,3058,47.25,-102.25
3059,3059,47.25,-101.75
3060,3060,47.25,-101.25
3061,3061,47.25,-100.75
3062,3062,47.25,-100.25
3063,3063,47.25,-99.75
3064,3064,47.25,-99.25
3065,3065,47.25,-98.75
3066,3066,47.25,-98.25
3067,3067,47.25,-97.75
3068,3068,47.25,-97.25
3069,3069,47.25,-96.75
3070,3070,47.25,-96.25
3071,3071,47.25,-95.75
3072,3072,47.25,-95.25
3073,3073,47.25,-94.75
3074,3074,47.25,-94.25
3075,3075,47.25,-93.75
3076,3076,47.25,-93.25
3077,3077,47.25,-92.75
3078,3078,47.25,-92.25
3079,3079,47.25,-91.75
3080,3080,47.25,-91.25
3081,3081,47.25,-69.25
3082,3082,47.25,-68.75
3083,3083,47.25,-68.25
3084,3084,47.75,-124.25
3085,3085,47.75,-123.75
3086,3086,47.75,-123.25
3087,3087,47.75,-122.75
3088,3088,47.75,-122.25
3089,3089,47.75,-121.75
3090,3090,47.75,-121.25
3091,3091,47.75,-120.75
3092,3092,47.75,-120.25
3093,3093,47.75,-119.75
3094,3094,47.75,-119.25
3095,3095,47.75,-118.75
3096,3096,47.75,-118.25
3097,3097,47.75,-117.75
3098,3098,47.75,-117.25
3099,3099,47.75,-116.75
3100,3100,47.75,-116.25
3101,3101,47.75,-115.75
3102,3102,47.75,-115.25
3103,3103,47.75,-114.75
3104,3104,47.75,-114.25
3105,3105,47.75,-113.75
3106,3106,47.75,-113.25
3107,3107,47.75,-112.75
3108,3108,47.75,-112.25
3109,3109,47.75,-111.75
3110,3110,47.75,-111.25
3111,3111,47.75,-110.75
3112,3112,47.75,-110.25
3113,3113,47.75,-109.75
3114,3114,47.75,-109.25
3115,3115,47.75,-108.75
3116,3116,47.75,-108.25
3117,3117,47.75,-107.75
3118,3118,47.75,-107.25
3119,3119,47.75,-106.75
3120,3120,47.75,-106.25
3121,3121,47.75,-105.75
3122,3122,47.75,-105.25
3123,3123,47.75,-104.75
3124,3124,47.75,-104.25
3125,3125,47.75,-103.75
3126,3126,47.75,-103.25
3127,3127,47.75,-102.75
3128,3128,47.75,-102.25
3129,3129,47.75,-101.75
3130,3130,47.75,-101.25
3131,3131,47.75,-100.75
3132,3132,47.75,-100.25
3133,3133,47.75,-99.75
3134,3134,47.75,-99.25
3135,3135,47.75,-98.75
3136,3136,47.75,-98.25
3137,3137,47.75,-97.75
3138,3138,47.75,-97.25
3139,3139,47.75,-96.75
3140,3140,47.75,-96.25
3141,3141,47.75,-95.75
3142,3142,47.75,-95.25
3143,3143,47.75,-94.75
3144,3144,47.75,-94.25
3145,3145,47.75,-93.75
3146,3146,47.75,-93.25
3147,3147,47.75,-92.75
3148,3148,47.75,-92.25
3149,3149,47.75,-91.75
3150,3150,47.75,-91.25
3151,3151,47.75,-90.75
3152,3152,47.75,-90.25
3153,3153,48.25,-124.25
3154,3154,48.25,-123.75
3155,3155,48.25,-123.25
3156,3156,48.25,-122.75
3157,3157,48.25,-122.25
3158,3158,48.25,-121.75
3159,3159,48.25,-121.25
3160,3160,48.25,-120.75
3161,3161,48.25,-120.25
3162,3162,48.25,-119.75
3163,3163,48.25,-119.25
3164,3164,48.25,-118.75
3165,3165,48.25,-118.25
3166,3166,48.25,-117.75
3167,3167,48.25,-117.25
3168,3168,48.25,-116.75
3169,3169,48.25,-116.25
3170,3170,48.25,-115.75
3171,3171,48.25,-115.25
3172,3172,48.25,-114.75
3173,3173,48.25,-114.25
3174,3174,48.25,-113.75
3175,3175,48.25,-113.25
3176,3176,48.25,-112.75
3177,3177,48.25,-112.25
3178,3178,48.25,-111.75
3179,3179,48.25,-111.25
3180,3180,48.25,-110.75
3181,3181,48.25,-110.25
3182,3182,48.25,-109.75
3183,3183,48.25,-109.25
3184,3184,48.25,-108.75
3185,3185,48.25,-108.25
3186,3186,48.25,-107.75
3187,3187,48.25,-107.25
3188,3188,48.25,-106.75
3189,3189,48.25,-106.25
3190,3190,48.25,-105.75
3191,3191,48.25,-105.25
3192,3192,48.25,-104.75
3193,3193,48.25,-104.25
3194,3194,48.25,-103.75
3195,3195,48.25,-103.25
3196,3196,48.25,-102.75
3197,3197,48.25,-102.25
3198,3198,48.25,-101.75
3199,3199,48.25,-101.25
3200,3200,48.25,-100.75
3201,3201,48.25,-100.25
3202,3202,48.25,-99.75
3203,3203,48.25,-99.25
3204,3204,48.25,-98.75
3205,3205,48.25,-98.25
3206,3206,48.25,-97.75
3207,3207,48.25,-97.25
3208,3208,48.25,-96.75
3209,3209,48.25,-96.25
3210,3210,48.25,-95.75
3211,3211,48.25,-95.25
3212,3212,48.25,-94.75
3213,3213,48.25,-94.25
3214,3214,48.25,-93.75
3215,3215,48.25,-93.25
3216,3216,48.25,-92.75
3217,3217,48.25,-92.25
3218,3218,48.25,-91.75
3219,3219,48.25,-90.75
3220,3220,48.75,-122.75
3221,3221,48.75,-122.25
3222,3222,48.75,-121.75
3223,3223,48.75,-121.25
3224,3224,48.75,-120.75
3225,3225,48.75,-120.25
3226,3226,48.75,-119.75
3227,3227,48.75,-119.25
3228,3228,48.75,-118.75
3229,3229,48.75,-118.25
3230,3230,48.75,-117.75
3231,3231,48.75,-117.25
3232,3232,48.75,-116.75
3233,3233,48.75,-116.25
3234,3234,48.75,-115.75
3235,3235,48.75,-115.25
3236,3236,48.75,-114.75
3237,3237,48.75,-114.25
3238,3238,48.75,-113.75
3239,3239,48.75,-113.25
3240,3240,48.75,-112.75
3241,3241,48.75,-112.25
3242,3242,48.75,-111.75
3243,3243,48.75,-111.25
3244,3244,48.75,-110.75
3245,3245,48.75,-110.25
3246,3246,48.75,-109.75
3247,3247,48.75,-109.25
3248,3248,48.75,-108.75
3249,3249,48.75,-108.25
3250,3250,48.75,-107.75
3251,3251,48.75,-107.25
3252,3252,48.75,-106.75
3253,3253,48.75,-106.25
3254,3254,48.75,-105.75
3255,3255,48.75,-105.25
3256,3256,48.75,-104.75
3257,3257,48.75,-104.25
3258,3258,48.75,-103.75
3259,3259,48.75,-103.25
3260,3260,48.75,-102.75
3261,3261,48.75,-102.25
3262,3262,48.75,-101.75
3263,3263,48.75,-101.25
3264,3264,48.75,-100.75
3265,3265,48.75,-100.25
3266,3266,48.75,-99.75
3267,3267,48.75,-99.25
3268,3268,48.75,-98.75
3269,3269,48.75,-98.25
3270,3270,48.75,-97.75
3271,3271,48.75,-97.25
3272,3272,48.75,-96.75
3273,3273,48.75,-96.25
3274,3274,48.75,-95.75
3275,3275,48.75,-95.25
3276,3276,48.75,-94.75
3277,3277,48.75,-94.25
